Date,Open,High,Low,Close,Volume
2018-05-03 00:00:00+00:00,0.21880899369716644,0.21880899369716644,0.21880899369716644,0.21880899369716644,13091
2018-10-02 00:00:00+00:00,0.05302700027823448,0.05916399881243706,0.052306998521089554,0.05893599987030029,6092
2018-10-03 00:00:00+00:00,0.058958999812603,0.058958999812603,0.05280900001525879,0.056992001831531525,669
2018-10-04 00:00:00+00:00,0.05700099840760231,0.05829299986362457,0.05223900079727173,0.05223900079727173,420
2018-10-05 00:00:00+00:00,0.05222800001502037,0.05909299850463867,0.05222800001502037,0.05909299850463867,16443
2018-10-06 00:00:00+00:00,0.059115998446941376,0.06361500173807144,0.055233001708984375,0.061925001442432404,4751
2018-10-07 00:00:00+00:00,0.06195899844169617,0.06334199756383896,0.05691000074148178,0.0576540008187294,1150
2018-10-08 00:00:00+00:00,0.0577550008893013,0.063120998442173,0.054659999907016754,0.05848899856209755,8727
2018-10-09 00:00:00+00:00,0.058465998619794846,0.0590829998254776,0.054384998977184296,0.058253999799489975,4989
2018-10-10 00:00:00+00:00,0.05820300057530403,0.05820300057530403,0.05417399853467941,0.05581599846482277,25575
2018-10-11 00:00:00+00:00,0.05577699840068817,0.05753299966454506,0.045997001230716705,0.046011000871658325,5233
2018-10-12 00:00:00+00:00,0.045993998646736145,0.04960799962282181,0.0453529991209507,0.04596899822354317,4759
2018-10-13 00:00:00+00:00,0.04590599983930588,0.06046700105071068,0.04581800103187561,0.059748001396656036,33844
2018-10-14 00:00:00+00:00,0.05974600091576576,0.06533300131559372,0.05417399853467941,0.06329400092363358,6937
2018-10-15 00:00:00+00:00,0.06341399997472763,0.08197499811649323,0.05640999972820282,0.06801699846982956,329070
2018-10-16 00:00:00+00:00,0.06821800023317337,0.0803309977054596,0.022345999255776405,0.050822000950574875,226796
2018-10-17 00:00:00+00:00,0.05091100186109543,0.051566001027822495,0.038694001734256744,0.05087900161743164,19399
2018-10-18 00:00:00+00:00,0.05076399818062782,0.051075998693704605,0.04485800117254257,0.04557599872350693,7482
2018-10-19 00:00:00+00:00,0.04741499945521355,0.04781299829483032,0.039730001240968704,0.04659000039100647,8356
2018-10-20 00:00:00+00:00,0.046539001166820526,0.04914800077676773,0.04265400022268295,0.047178998589515686,23187
2018-10-21 00:00:00+00:00,0.047203999012708664,0.04920399934053421,0.04608200117945671,0.048934001475572586,10485
2018-10-22 00:00:00+00:00,0.048948999494314194,0.048948999494314194,0.046181000769138336,0.04621199890971184,9926
2018-10-23 00:00:00+00:00,0.046247001737356186,0.049605000764131546,0.045274000614881516,0.049605000764131546,7063
2018-10-24 00:00:00+00:00,0.049598999321460724,0.0553710013628006,0.04564100131392479,0.04735200107097626,10952
2018-10-25 00:00:00+00:00,0.0473489984869957,0.055392999202013016,0.04675799980759621,0.05243200063705444,13884
2018-10-26 00:00:00+00:00,0.05048400163650513,0.05457499995827675,0.04281499981880188,0.04771000146865845,47637
2018-10-27 00:00:00+00:00,0.04774799942970276,0.047905001789331436,0.04461300000548363,0.046209000051021576,6744
2018-10-28 00:00:00+00:00,0.046167001128196716,0.04933299869298935,0.04448400065302849,0.04873700067400932,11002
2018-10-29 00:00:00+00:00,0.048719000071287155,0.050999999046325684,0.0449489988386631,0.046778999269008636,13864
2018-10-30 00:00:00+00:00,0.046790000051259995,0.04739899933338165,0.04064999893307686,0.043251000344753265,13206
2018-10-31 00:00:00+00:00,0.04327499866485596,0.04659400135278702,0.04315299913287163,0.04659299924969673,6365
2018-11-01 00:00:00+00:00,0.04659299924969673,0.054349999874830246,0.044787999242544174,0.04666899889707565,6392
2018-11-02 00:00:00+00:00,0.04666899889707565,0.04860899969935417,0.04560999944806099,0.045740000903606415,7412
2018-11-03 00:00:00+00:00,0.045740000903606415,0.0514569990336895,0.045740000903606415,0.0514569990336895,6797
2018-11-04 00:00:00+00:00,0.0514569990336895,0.051614001393318176,0.04824500158429146,0.050655998289585114,4341
2018-11-05 00:00:00+00:00,0.05078599974513054,0.05827900022268295,0.04926000162959099,0.049671001732349396,15809
2018-11-06 00:00:00+00:00,0.04961400106549263,0.05360399931669235,0.042392998933792114,0.05332599952816963,24029
2018-11-07 00:00:00+00:00,0.05344700068235397,0.0654359981417656,0.04967299848794937,0.05881199985742569,74126
2018-11-08 00:00:00+00:00,0.058786001056432724,0.059105001389980316,0.051656000316143036,0.05530700087547302,10306
2018-11-09 00:00:00+00:00,0.05528400093317032,0.058104000985622406,0.05041100084781647,0.05538399890065193,15378
2018-11-10 00:00:00+00:00,0.05534299835562706,0.060458000749349594,0.0511850006878376,0.05728700011968613,10979
2018-11-11 00:00:00+00:00,0.05720299854874611,0.057440999895334244,0.052650000900030136,0.05703900009393692,5748
2018-11-12 00:00:00+00:00,0.0569240003824234,0.061260998249053955,0.05054200068116188,0.05731699988245964,14883
2018-11-13 00:00:00+00:00,0.057328000664711,0.059342000633478165,0.0499580018222332,0.051026999950408936,18737
2018-11-14 00:00:00+00:00,0.0509909987449646,0.05883299931883812,0.04655599966645241,0.049247000366449356,25839
2018-11-15 00:00:00+00:00,0.0494379997253418,0.05008900165557861,0.0355909988284111,0.0453060008585453,43586
2018-11-16 00:00:00+00:00,0.0453529991209507,0.0453529991209507,0.04081600159406662,0.04330199956893921,3367
2018-11-17 00:00:00+00:00,0.04327299818396568,0.04366299882531166,0.03672400116920471,0.04317900165915489,9110
2018-11-18 00:00:00+00:00,0.04316899925470352,0.04454199969768524,0.042869001626968384,0.04317599907517433,5639
2018-11-19 00:00:00+00:00,0.04343700036406517,0.04343700036406517,0.03712800145149231,0.037762001156806946,35099
2018-11-20 00:00:00+00:00,0.037935998290777206,0.03864099830389023,0.03100300021469593,0.03245599940419197,20684
2018-11-21 00:00:00+00:00,0.032593999058008194,0.035645999014377594,0.03127099946141243,0.03342000022530556,9411
2018-11-22 00:00:00+00:00,0.03339700028300285,0.04192600026726723,0.03313500061631203,0.03622400015592575,20220
2018-11-23 00:00:00+00:00,0.03598500043153763,0.03672200068831444,0.030834000557661057,0.032781001180410385,2204
2018-11-24 00:00:00+00:00,0.03275800123810768,0.03512600064277649,0.030798999592661858,0.0315449982881546,2692
2018-11-25 00:00:00+00:00,0.0314520001411438,0.03403199836611748,0.027045000344514847,0.03101699985563755,7244
2018-11-26 00:00:00+00:00,0.030984999611973763,0.03449200093746185,0.02908100001513958,0.031401000916957855,10513
2018-11-27 00:00:00+00:00,0.0313589982688427,0.033195000141859055,0.0301900003105402,0.03133099898695946,6477
2018-11-28 00:00:00+00:00,0.0314130000770092,0.039066001772880554,0.03063100017607212,0.03649500012397766,17242
2018-11-29 00:00:00+00:00,0.03654700145125389,0.03881800174713135,0.03411100059747696,0.03514400124549866,6331
2018-11-30 00:00:00+00:00,0.03521300107240677,0.03710699826478958,0.031072000041604042,0.03406200185418129,3832
2018-12-01 00:00:00+00:00,0.034143999218940735,0.03753099963068962,0.03361999988555908,0.03589300066232681,4820
2018-12-02 00:00:00+00:00,0.03574699908494949,0.03683599829673767,0.03311999887228012,0.03615200147032738,8537
2018-12-03 00:00:00+00:00,0.03612599894404411,0.036194998770952225,0.030997000634670258,0.03414300084114075,9818
2018-12-04 00:00:00+00:00,0.03407200053334236,0.034352000802755356,0.032607000321149826,0.03290500119328499,1631
2018-12-05 00:00:00+00:00,0.032944001257419586,0.032944001257419586,0.030222000554203987,0.030222000554203987,1088
2018-12-06 00:00:00+00:00,0.030182000249624252,0.031228000298142433,0.026220999658107758,0.026220999658107758,2049
2018-12-07 00:00:00+00:00,0.026173999533057213,0.028975000604987144,0.02276800014078617,0.0288309995085001,3708
2018-12-08 00:00:00+00:00,0.028783999383449554,0.029519999399781227,0.02682100050151348,0.02847900055348873,1120
2018-12-09 00:00:00+00:00,0.02838600054383278,0.030508000403642654,0.026775000616908073,0.02690199948847294,1193
2018-12-10 00:00:00+00:00,0.02685599960386753,0.029167000204324722,0.026844000443816185,0.028718000277876854,2163
2018-12-11 00:00:00+00:00,0.02868800051510334,0.0296229999512434,0.0266369991004467,0.02943200059235096,2220
2018-12-12 00:00:00+00:00,0.029402999207377434,0.03055099956691265,0.02840300090610981,0.028459999710321426,88
2018-12-13 00:00:00+00:00,0.028477000072598457,0.029934000223875046,0.02592100016772747,0.028534000739455223,2393
2018-12-14 00:00:00+00:00,0.028596000745892525,0.03230300173163414,0.02658800035715103,0.032030001282691956,3609
2018-12-15 00:00:00+00:00,0.032044000923633575,0.03244199976325035,0.028387000784277916,0.02907799929380417,781
2018-12-16 00:00:00+00:00,0.029075000435113907,0.03109000064432621,0.027696000412106514,0.030170999467372894,1474
2018-12-17 00:00:00+00:00,0.030209999531507492,0.034377001225948334,0.029614999890327454,0.031968001276254654,5383
2018-12-18 00:00:00+00:00,0.031954001635313034,0.03493800014257431,0.03024500049650669,0.034846000373363495,1147
2018-12-19 00:00:00+00:00,0.03585899993777275,0.03769899904727936,0.034373000264167786,0.03501499816775322,891
2018-12-20 00:00:00+00:00,0.03495299816131592,0.03988799825310707,0.03343699872493744,0.03982200101017952,630
2018-12-21 00:00:00+00:00,0.039758000522851944,0.039758000522851944,0.03371699899435043,0.03403899818658829,4614
2018-12-22 00:00:00+00:00,0.033998001366853714,0.03922099992632866,0.033486999571323395,0.03922099992632866,3092
2018-12-23 00:00:00+00:00,0.03924600034952164,0.04767699912190437,0.03757200017571449,0.0471780002117157,5045
2018-12-24 00:00:00+00:00,0.04717300087213516,0.05363300070166588,0.04074399918317795,0.0463469997048378,4379
2018-12-25 00:00:00+00:00,0.046643998473882675,0.046643998473882675,0.0394509993493557,0.03989800065755844,1350
2018-12-26 00:00:00+00:00,0.03991900011897087,0.04464200139045715,0.03551999852061272,0.039535000920295715,4919
2018-12-27 00:00:00+00:00,0.03962099924683571,0.04322899878025055,0.03725999966263771,0.03848100081086159,3772
2018-12-28 00:00:00+00:00,0.03855200111865997,0.04178899899125099,0.035259000957012177,0.04178899899125099,2070
2018-12-29 00:00:00+00:00,0.041978999972343445,0.04258599877357483,0.03597300127148628,0.040084000676870346,7165
2018-12-30 00:00:00+00:00,0.03991600126028061,0.04097000136971474,0.03662699833512306,0.04029199853539467,741
2018-12-31 00:00:00+00:00,0.04035700112581253,0.04037899896502495,0.03242599964141846,0.03261600062251091,13699
2019-01-01 00:00:00+00:00,0.032618001103401184,0.036890000104904175,0.03237700089812279,0.03674200177192688,9983
2019-01-02 00:00:00+00:00,0.03692900016903877,0.04433099925518036,0.03687800094485283,0.03868599981069565,7221
2019-01-03 00:00:00+00:00,0.03807700052857399,0.04215100035071373,0.03592599928379059,0.041839998215436935,4849
2019-01-04 00:00:00+00:00,0.041847001761198044,0.045506998896598816,0.03876499831676483,0.040509000420570374,3658
2019-01-05 00:00:00+00:00,0.04042299836874008,0.047196999192237854,0.04042299836874008,0.0411669984459877,4869
2019-01-06 00:00:00+00:00,0.04110800102353096,0.04534899815917015,0.03733399882912636,0.045145999640226364,3103
2019-01-07 00:00:00+00:00,0.045187998563051224,0.045375000685453415,0.03944399952888489,0.03948799893260002,2106
2019-01-08 00:00:00+00:00,0.03947500139474869,0.043115999549627304,0.037112001329660416,0.0371600016951561,2824
2019-01-09 00:00:00+00:00,0.03717600181698799,0.0389459989964962,0.032099999487400055,0.038832999765872955,6181
2019-01-10 00:00:00+00:00,0.038832999765872955,0.039080001413822174,0.03119800053536892,0.03471500054001808,20
2019-01-11 00:00:00+00:00,0.03463200107216835,0.03483700007200241,0.02771800011396408,0.034265998750925064,6301
2019-01-12 00:00:00+00:00,0.03428800031542778,0.03428800031542778,0.030448999255895615,0.030571000650525093,591
2019-01-13 00:00:00+00:00,0.030538000166416168,0.03397100046277046,0.02853200025856495,0.02884799987077713,1983
2019-01-14 00:00:00+00:00,0.028873000293970108,0.03545700013637543,0.028873000293970108,0.035356998443603516,7822
2019-01-15 00:00:00+00:00,0.035360999405384064,0.03570999950170517,0.031697001308202744,0.03294200077652931,2838
2019-01-16 00:00:00+00:00,0.032905999571084976,0.03431199863553047,0.030866999179124832,0.03348999843001366,212
2019-01-17 00:00:00+00:00,0.033459000289440155,0.03353099897503853,0.030566999688744545,0.03112800046801567,295
2019-01-18 00:00:00+00:00,0.03110799938440323,0.035041000694036484,0.030601000413298607,0.03498400002717972,5532
2019-01-19 00:00:00+00:00,0.03514400124549866,0.036688998341560364,0.03316299989819527,0.03423300012946129,2225
2019-01-20 00:00:00+00:00,0.034210000187158585,0.03682899847626686,0.03170299902558327,0.034205999225378036,662
2019-01-21 00:00:00+00:00,0.03419400006532669,0.034612998366355896,0.030959999188780785,0.03457000106573105,6170
2019-01-22 00:00:00+00:00,0.03452799841761589,0.04041700065135956,0.034428998827934265,0.03847099840641022,6916
2019-01-23 00:00:00+00:00,0.03847099840641022,0.03926900029182434,0.032662998884916306,0.03311799839138985,7701
2019-01-24 00:00:00+00:00,0.0331449992954731,0.035085998475551605,0.03145899996161461,0.0317239984869957,1587
2019-01-25 00:00:00+00:00,0.03176699951291084,0.03627000004053116,0.03173099830746651,0.035819001495838165,333
2019-01-26 00:00:00+00:00,0.03581799939274788,0.03831600025296211,0.03184099867939949,0.03807000070810318,475
2019-01-27 00:00:00+00:00,0.03807400166988373,0.03808499872684479,0.03161099925637245,0.03403099998831749,4757
2019-01-28 00:00:00+00:00,0.034001000225543976,0.03412799909710884,0.02852500043809414,0.0291569996625185,137
2019-01-29 00:00:00+00:00,0.029187999665737152,0.03273199871182442,0.023888999596238136,0.03167000040411949,3581
2019-01-30 00:00:00+00:00,0.031619999557733536,0.03290100023150444,0.030706999823451042,0.03143100067973137,4525
2019-01-31 00:00:00+00:00,0.03143500164151192,0.03496300056576729,0.03063799999654293,0.030642999336123466,2600
2019-02-01 00:00:00+00:00,0.030659999698400497,0.033925000578165054,0.028738999739289284,0.031606998294591904,3579
2019-02-02 00:00:00+00:00,0.03156600147485733,0.03540100157260895,0.03156600147485733,0.035367999225854874,2465
2019-02-03 00:00:00+00:00,0.035353001207113266,0.03690600022673607,0.03216300159692764,0.034898001700639725,5989
2019-02-04 00:00:00+00:00,0.03492499887943268,0.03795100003480911,0.03480200096964836,0.0350629985332489,6598
2019-02-05 00:00:00+00:00,0.03503600135445595,0.03859400004148483,0.032276999205350876,0.036671001464128494,13250
2019-02-06 00:00:00+00:00,0.03670800104737282,0.03670800104737282,0.03356799855828285,0.033580001443624496,1186
2019-02-07 00:00:00+00:00,0.03355700150132179,0.035962000489234924,0.03198999911546707,0.03334600105881691,6054
2019-02-08 00:00:00+00:00,0.03339700028300285,0.04136500135064125,0.03331800177693367,0.04033900052309036,4122
2019-02-09 00:00:00+00:00,0.04032199829816818,0.04059600085020065,0.03607200086116791,0.03643700107932091,1853
2019-02-10 00:00:00+00:00,0.036421000957489014,0.03958600014448166,0.03553999960422516,0.03784999996423721,3203
2019-02-11 00:00:00+00:00,0.03792300075292587,0.04001599922776222,0.031134000048041344,0.031201999634504318,7823
2019-02-12 00:00:00+00:00,0.031151000410318375,0.03952699899673462,0.030758000910282135,0.035624999552965164,2991
2019-02-13 00:00:00+00:00,0.03561900183558464,0.039347000420093536,0.03516099974513054,0.039204999804496765,5055
2019-02-14 00:00:00+00:00,0.03917599841952324,0.0398159995675087,0.03650299832224846,0.038701001554727554,6219
2019-02-15 00:00:00+00:00,0.038683999329805374,0.03869500011205673,0.03544300049543381,0.03553500026464462,5267
2019-02-16 00:00:00+00:00,0.035617999732494354,0.040081001818180084,0.035592999309301376,0.0376259982585907,7117
2019-02-17 00:00:00+00:00,0.0376100018620491,0.042927999049425125,0.03758399933576584,0.04213999956846237,2951
2019-02-18 00:00:00+00:00,0.041926998645067215,0.044109001755714417,0.039083000272512436,0.0438309982419014,10953
2019-02-19 00:00:00+00:00,0.043859001249074936,0.04602399840950966,0.04250999912619591,0.04527299851179123,8514
2019-02-20 00:00:00+00:00,0.04543000087141991,0.04771300032734871,0.04247700050473213,0.04771300032734871,4767
2019-02-21 00:00:00+00:00,0.04761099815368652,0.04761099815368652,0.04388799890875816,0.046348001807928085,2890
2019-02-22 00:00:00+00:00,0.04636799916625023,0.0470380000770092,0.043547000735998154,0.045044999569654465,4797
2019-02-23 00:00:00+00:00,0.04501400142908096,0.04766099900007248,0.042452000081539154,0.04766099900007248,6150
2019-02-24 00:00:00+00:00,0.04766499996185303,0.05028099939227104,0.04094799980521202,0.041374001652002335,7350
2019-02-25 00:00:00+00:00,0.04125799983739853,0.04415399953722954,0.03761399909853935,0.03995199874043465,7275
2019-02-26 00:00:00+00:00,0.03993900120258331,0.04332299903035164,0.037101998925209045,0.04047499969601631,7194
2019-02-27 00:00:00+00:00,0.04046899825334549,0.04280199855566025,0.03694099932909012,0.03950300067663193,4792
2019-02-28 00:00:00+00:00,0.03948599845170975,0.0413610003888607,0.03783499822020531,0.03799799829721451,3664
2019-03-01 00:00:00+00:00,0.03799699991941452,0.038975998759269714,0.03738600015640259,0.03738600015640259,2618
2019-03-02 00:00:00+00:00,0.03734799847006798,0.03878600150346756,0.036242999136447906,0.03836200013756752,3701
2019-03-03 00:00:00+00:00,0.03849999979138374,0.038672998547554016,0.0357929989695549,0.03601299971342087,3547
2019-03-04 00:00:00+00:00,0.03598500043153763,0.03699500113725662,0.031272001564502716,0.03689099848270416,15080
2019-03-05 00:00:00+00:00,0.036986999213695526,0.03808800131082535,0.03515600040555,0.03640900179743767,7223
2019-03-06 00:00:00+00:00,0.03643900156021118,0.03907199949026108,0.03446400165557861,0.0353039987385273,7998
2019-03-07 00:00:00+00:00,0.03534499928355217,0.03680500015616417,0.03320299834012985,0.03680500015616417,11928
2019-03-08 00:00:00+00:00,0.03687699884176254,0.03689200058579445,0.0330829992890358,0.03446400165557861,2810
2019-03-09 00:00:00+00:00,0.0338359996676445,0.040460001677274704,0.033810000866651535,0.04038200154900551,7908
2019-03-10 00:00:00+00:00,0.040467001497745514,0.04095499962568283,0.03947100043296814,0.04078099876642227,8851
2019-03-11 00:00:00+00:00,0.040800001472234726,0.040908001363277435,0.038763999938964844,0.039250001311302185,12280
2019-03-12 00:00:00+00:00,0.03927699849009514,0.04017399996519089,0.03688599914312363,0.040063001215457916,22323
2019-03-13 00:00:00+00:00,0.040081001818180084,0.04008600115776062,0.03743100166320801,0.03969600051641464,17130
2019-03-14 00:00:00+00:00,0.03967899829149246,0.04185999929904938,0.03613699972629547,0.03819499909877777,23640
2019-03-15 00:00:00+00:00,0.0381539985537529,0.04788700118660927,0.03707199916243553,0.04464700073003769,41503
2019-03-16 00:00:00+00:00,0.0447160005569458,0.05437200143933296,0.04189400002360344,0.045896001160144806,53364
2019-03-17 00:00:00+00:00,0.04583600163459778,0.04586600139737129,0.04163900017738342,0.0426269993185997,4916
2019-03-18 00:00:00+00:00,0.04266899824142456,0.04514800012111664,0.04101499915122986,0.04458199813961983,24866
2019-03-19 00:00:00+00:00,0.04455399885773659,0.0528159998357296,0.04225999861955643,0.052786000072956085,59735
2019-03-20 00:00:00+00:00,0.05279700085520744,0.06694500148296356,0.047175999730825424,0.06114500015974045,56976
2019-03-21 00:00:00+00:00,0.06105799973011017,0.07320600003004074,0.05484699830412865,0.06787099689245224,69293
2019-03-22 00:00:00+00:00,0.06958500295877457,0.07200600206851959,0.05647600069642067,0.06686600297689438,34955
2019-03-23 00:00:00+00:00,0.06679099798202515,0.07353699952363968,0.0598829984664917,0.06831999868154526,16626
2019-03-24 00:00:00+00:00,0.06833600252866745,0.07671400159597397,0.06661900132894516,0.07241299748420715,31061
2019-03-25 00:00:00+00:00,0.07248900085687637,0.07640500366687775,0.05596200004220009,0.05869400128722191,45173
2019-03-26 00:00:00+00:00,0.05878699943423271,0.06711699813604355,0.05231500044465065,0.053426001220941544,31628
2019-03-27 00:00:00+00:00,0.05445599928498268,0.06475699692964554,0.05429999902844429,0.06141600012779236,17708
2019-03-28 00:00:00+00:00,0.06139000132679939,0.06772299855947495,0.04524900019168854,0.05991800129413605,43181
2019-03-29 00:00:00+00:00,0.05991800129413605,0.06456000357866287,0.049580998718738556,0.05021199956536293,24982
2019-03-30 00:00:00+00:00,0.05023299902677536,0.05505099892616272,0.04539300128817558,0.05244600027799606,24244
2019-03-31 00:00:00+00:00,0.05244600027799606,0.05244600027799606,0.04234100133180618,0.04690700024366379,25633
2019-04-01 00:00:00+00:00,0.04687599837779999,0.04985399916768074,0.04550100117921829,0.04665299877524376,5053
2019-04-02 00:00:00+00:00,0.046654000878334045,0.0565200001001358,0.04658599942922592,0.05360100045800209,10387
2019-04-03 00:00:00+00:00,0.05361099913716316,0.071322001516819,0.05314600095152855,0.06254900246858597,22297
2019-04-04 00:00:00+00:00,0.06262800097465515,0.06395100057125092,0.0498570017516613,0.059744998812675476,48328
2019-04-05 00:00:00+00:00,0.05974600091576576,0.063400998711586,0.05254499986767769,0.061243001371622086,29800
2019-04-06 00:00:00+00:00,0.061243001371622086,0.062780000269413,0.05455499887466431,0.055876001715660095,14451
2019-04-07 00:00:00+00:00,0.05587799847126007,0.06922899931669235,0.05554100126028061,0.06922899931669235,17389
2019-04-08 00:00:00+00:00,0.06933700293302536,0.0738610029220581,0.05965900048613548,0.07272999733686447,44220
2019-04-09 00:00:00+00:00,0.07272999733686447,0.09461099654436111,0.0713760033249855,0.078684002161026,124859
2019-04-10 00:00:00+00:00,0.07868099957704544,0.08719299733638763,0.06616099923849106,0.08218999952077866,55754
2019-04-11 00:00:00+00:00,0.08225999772548676,0.08234000205993652,0.06366799771785736,0.06983300298452377,55997
2019-04-12 00:00:00+00:00,0.06975399702787399,0.07878000289201736,0.0663679987192154,0.06757199764251709,24230
2019-04-13 00:00:00+00:00,0.06755100190639496,0.08156099915504456,0.06740999966859818,0.08143699914216995,11357
2019-04-14 00:00:00+00:00,0.08143699914216995,0.08156599849462509,0.07377800345420837,0.07750999927520752,10924
2019-04-15 00:00:00+00:00,0.07750999927520752,0.08088299632072449,0.07113000005483627,0.07255499809980392,20168
2019-04-16 00:00:00+00:00,0.07255599647760391,0.08224400132894516,0.06829100102186203,0.08218099921941757,101301
2019-04-17 00:00:00+00:00,0.08217199891805649,0.08284100145101547,0.07071799784898758,0.07699800282716751,33131
2019-04-18 00:00:00+00:00,0.07698100060224533,0.08071299642324448,0.07152099907398224,0.07646100223064423,31202
2019-04-19 00:00:00+00:00,0.0764859989285469,0.07725100219249725,0.07048299908638,0.07691799849271774,12735
2019-04-20 00:00:00+00:00,0.07691799849271774,0.0816740021109581,0.07350499927997589,0.07703699916601181,19490
2019-04-21 00:00:00+00:00,0.07704199850559235,0.08207900077104568,0.07491400092840195,0.08146300166845322,36935
2019-04-22 00:00:00+00:00,0.08146099746227264,0.08146099746227264,0.06821499764919281,0.07479599863290787,39978
2019-04-23 00:00:00+00:00,0.07478900253772736,0.07929500192403793,0.07197300344705582,0.07527200132608414,27778
2019-04-24 00:00:00+00:00,0.07521899789571762,0.07959199696779251,0.06960999965667725,0.0795459970831871,40829
2019-04-25 00:00:00+00:00,0.07953699678182602,0.0843840017914772,0.07210599631071091,0.07369499653577805,50566
2019-04-26 00:00:00+00:00,0.07370000332593918,0.09556599706411362,0.07343299686908722,0.08590900152921677,92601
2019-04-27 00:00:00+00:00,0.08593499660491943,0.0898279994726181,0.08487299829721451,0.08829600363969803,17163
2019-04-28 00:00:00+00:00,0.08830899745225906,0.09388600289821625,0.08431299775838852,0.09065400063991547,12289
2019-04-29 00:00:00+00:00,0.0906519964337349,0.09468299895524979,0.08855199813842773,0.09231600165367126,15117
2019-04-30 00:00:00+00:00,0.09235499799251556,0.09950099885463715,0.0921109989285469,0.09727499634027481,39184
2019-05-01 00:00:00+00:00,0.09730999916791916,0.09837400168180466,0.08703099936246872,0.09437800198793411,16578
2019-05-02 00:00:00+00:00,0.09435699880123138,0.10168399661779404,0.09176500141620636,0.09447900205850601,30264
2019-05-03 00:00:00+00:00,0.09445499628782272,0.10568899661302567,0.09387200325727463,0.10510099679231644,29174
2019-05-04 00:00:00+00:00,0.10510099679231644,0.10991600155830383,0.09920399636030197,0.1063309982419014,28857
2019-05-05 00:00:00+00:00,0.10636299848556519,0.10679099708795547,0.09996700286865234,0.10269500315189362,10042
2019-05-06 00:00:00+00:00,0.10277099907398224,0.11347100138664246,0.10055699944496155,0.1075190007686615,27332
2019-05-07 00:00:00+00:00,0.1075109988451004,0.11747299879789352,0.10296200215816498,0.10374400019645691,41945
2019-05-08 00:00:00+00:00,0.10359500348567963,0.1056469976902008,0.09817200154066086,0.10405600070953369,25930
2019-05-09 00:00:00+00:00,0.104032002389431,0.10596299916505814,0.09758099913597107,0.09766200184822083,33702
2019-05-10 00:00:00+00:00,0.09764400124549866,0.10219600051641464,0.07343299686908722,0.084757000207901,87386
2019-05-11 00:00:00+00:00,0.08476399630308151,0.10062500089406967,0.07962299883365631,0.09104300290346146,51153
2019-05-12 00:00:00+00:00,0.09097299724817276,0.0980599969625473,0.08396700024604797,0.0842519998550415,16013
2019-05-13 00:00:00+00:00,0.0842519998550415,0.11907300353050232,0.0842519998550415,0.11055000126361847,44141
2019-05-14 00:00:00+00:00,0.11060900241136551,0.11862699687480927,0.09491699934005737,0.11361400038003922,74092
2019-05-15 00:00:00+00:00,0.11364900320768356,0.12676000595092773,0.0966079980134964,0.11535099893808365,126434
2019-05-16 00:00:00+00:00,0.11531200259923935,0.12486899644136429,0.1007860004901886,0.11850699782371521,66891
2019-05-17 00:00:00+00:00,0.11845800280570984,0.1198740005493164,0.09459000080823898,0.10277199745178223,33464
2019-05-18 00:00:00+00:00,0.10277199745178223,0.10512600094079971,0.09165199846029282,0.09938500076532364,34755
2019-05-19 00:00:00+00:00,0.09933300316333771,0.11706200242042542,0.09891699999570847,0.11619000136852264,45410
2019-05-20 00:00:00+00:00,0.11619000136852264,0.12122400104999542,0.09122499823570251,0.1156110018491745,115318
2019-05-21 00:00:00+00:00,0.11562799662351608,0.11760299652814865,0.09663999825716019,0.10436099767684937,49199
2019-05-22 00:00:00+00:00,0.10436099767684937,0.10580399632453918,0.08870399743318558,0.09908100217580795,97151
2019-05-23 00:00:00+00:00,0.09908100217580795,0.10073799639940262,0.08832299709320068,0.09821300208568573,19647
2019-05-24 00:00:00+00:00,0.09815900027751923,0.10523000359535217,0.09163899719715118,0.10409999638795853,25588
2019-05-25 00:00:00+00:00,0.10409999638795853,0.10534399747848511,0.09767799824476242,0.10320500284433365,14868
2019-05-26 00:00:00+00:00,0.10320500284433365,0.1228180006146431,0.10217700153589249,0.11828300356864929,13861
2019-05-27 00:00:00+00:00,0.11821500211954117,0.12098299711942673,0.09468799829483032,0.10500799864530563,68212
2019-05-28 00:00:00+00:00,0.1048939973115921,0.10759899765253067,0.09635800123214722,0.10535500198602676,39145
2019-05-29 00:00:00+00:00,0.10533100366592407,0.10533899813890457,0.0928030014038086,0.10345599800348282,15886
2019-05-30 00:00:00+00:00,0.10345599800348282,0.10790500044822693,0.09357199817895889,0.09741900116205215,14295
2019-05-31 00:00:00+00:00,0.09741900116205215,0.09991700202226639,0.09031099826097488,0.099542997777462,28675
2019-06-01 00:00:00+00:00,0.09954799711704254,0.1012289971113205,0.0874359980225563,0.09547899663448334,36813
2019-06-02 00:00:00+00:00,0.09547899663448334,0.098130002617836,0.09086299687623978,0.09442000091075897,15289
2019-06-03 00:00:00+00:00,0.09442000091075897,0.0995120033621788,0.0837860032916069,0.09757000207901001,39936
2019-06-04 00:00:00+00:00,0.09756000339984894,0.09756000339984894,0.07584299892187119,0.08446899801492691,62153
2019-06-05 00:00:00+00:00,0.08446899801492691,0.085037000477314,0.07902300357818604,0.08326300233602524,14844
2019-06-06 00:00:00+00:00,0.08326199650764465,0.08350600302219391,0.0738769993185997,0.07767800241708755,42966
2019-06-07 00:00:00+00:00,0.07768300175666809,0.0956059992313385,0.07456900179386139,0.09545200318098068,56565
2019-06-08 00:00:00+00:00,0.09541899710893631,0.09560500085353851,0.07339899986982346,0.08797699958086014,110760
2019-06-09 00:00:00+00:00,0.08795200288295746,0.088018998503685,0.07102300226688385,0.07384300231933594,65682
2019-06-10 00:00:00+00:00,0.07384900003671646,0.09510199725627899,0.07189299911260605,0.09497799724340439,73632
2019-06-11 00:00:00+00:00,0.09505199640989304,0.10330600291490555,0.08543200045824051,0.1031470000743866,49741
2019-06-12 00:00:00+00:00,0.10310500115156174,0.11078699678182602,0.06588699668645859,0.10583599656820297,248540
2019-06-13 00:00:00+00:00,0.10581199824810028,0.12040200084447861,0.10030999779701233,0.11789199709892273,245615
2019-06-14 00:00:00+00:00,0.11792600154876709,0.12101999670267105,0.08891399949789047,0.09792900085449219,203065
2019-06-15 00:00:00+00:00,0.09784600138664246,0.10612999647855759,0.09182099997997284,0.10254999995231628,114605
2019-06-16 00:00:00+00:00,0.10254999995231628,0.10638400167226791,0.09271900355815887,0.09977000206708908,110790
2019-06-17 00:00:00+00:00,0.09977000206708908,0.1014230027794838,0.08369199931621552,0.09429199993610382,111316
2019-06-18 00:00:00+00:00,0.0942550003528595,0.09618599712848663,0.08111900091171265,0.08344099670648575,68161
2019-06-19 00:00:00+00:00,0.08162900060415268,0.08599399775266647,0.08062899857759476,0.0818990021944046,69318
2019-06-20 00:00:00+00:00,0.08190400153398514,0.08191700279712677,0.07144399732351303,0.07956500351428986,138538
2019-06-21 00:00:00+00:00,0.07955300062894821,0.08381299674510956,0.07112599909305573,0.08080799877643585,195064
2019-06-22 00:00:00+00:00,0.08091899752616882,0.08753799647092819,0.07378699630498886,0.07378699630498886,55268
2019-06-23 00:00:00+00:00,0.07377299666404724,0.08254499733448029,0.07376399636268616,0.07536199688911438,39020
2019-06-24 00:00:00+00:00,0.07536199688911438,0.0765639990568161,0.06649599969387054,0.07119700312614441,89269
2019-06-25 00:00:00+00:00,0.07121700048446655,0.08107099682092667,0.06669099628925323,0.07990600168704987,75694
2019-06-26 00:00:00+00:00,0.07990600168704987,0.0895799994468689,0.06908100098371506,0.0822329968214035,174775
2019-06-27 00:00:00+00:00,0.0822329968214035,0.0822490006685257,0.05200599879026413,0.05980300158262253,80787
2019-06-28 00:00:00+00:00,0.06205400079488754,0.07248199731111526,0.05863599851727486,0.06480100005865097,37769
2019-06-29 00:00:00+00:00,0.06485000252723694,0.0672919973731041,0.06052599847316742,0.06657800078392029,6198
2019-06-30 00:00:00+00:00,0.06648299843072891,0.06707900017499924,0.05836699903011322,0.05836699903011322,13365
2019-07-01 00:00:00+00:00,0.05836699903011322,0.06231499835848808,0.05613600090146065,0.06209700182080269,14886
2019-07-02 00:00:00+00:00,0.062091998755931854,0.06466399878263474,0.05668700113892555,0.0641769990324974,36666
2019-07-03 00:00:00+00:00,0.06418299674987793,0.07198400050401688,0.062394000589847565,0.07152999937534332,47352
2019-07-04 00:00:00+00:00,0.07153499871492386,0.07259699702262878,0.06432099640369415,0.06434199959039688,39218
2019-07-05 00:00:00+00:00,0.06435099989175797,0.06831099838018417,0.06391700357198715,0.06726200133562088,6401
2019-07-06 00:00:00+00:00,0.06724099814891815,0.07242900133132935,0.06692399829626083,0.07129699736833572,34234
2019-07-07 00:00:00+00:00,0.07129999995231628,0.07716000080108643,0.07036799937486649,0.07611600309610367,8155
2019-07-08 00:00:00+00:00,0.07611700147390366,0.07797899842262268,0.07227800041437149,0.07609900087118149,10084
2019-07-09 00:00:00+00:00,0.07613900303840637,0.07873400300741196,0.06744799762964249,0.07485300302505493,63535
2019-07-10 00:00:00+00:00,0.07490800321102142,0.07955700159072876,0.07028800249099731,0.07509200274944305,33735
2019-07-11 00:00:00+00:00,0.07508300244808197,0.07508300244808197,0.06793999671936035,0.06923499703407288,34030
2019-07-12 00:00:00+00:00,0.06930100172758102,0.07183399796485901,0.06788600236177444,0.07129599899053574,26402
2019-07-13 00:00:00+00:00,0.07132399827241898,0.07162199914455414,0.055897001177072525,0.06589899957180023,82799
2019-07-14 00:00:00+00:00,0.06589999794960022,0.06830000132322311,0.05891500040888786,0.058931998908519745,34309
2019-07-15 00:00:00+00:00,0.058848001062870026,0.05970099940896034,0.05358700081706047,0.05869400128722191,69519
2019-07-16 00:00:00+00:00,0.05862899869680405,0.060208000242710114,0.05077600106596947,0.051440998911857605,112329
2019-07-17 00:00:00+00:00,0.05119600147008896,0.057298000901937485,0.048284001648426056,0.05541500076651573,93699
2019-07-18 00:00:00+00:00,0.055406998842954636,0.06266199797391891,0.0544390007853508,0.06208200007677078,103300
2019-07-19 00:00:00+00:00,0.06208200007677078,0.0633850023150444,0.0581279993057251,0.0607450008392334,34296
2019-07-20 00:00:00+00:00,0.06076899915933609,0.06572499871253967,0.060593001544475555,0.06430500000715256,38785
2019-07-21 00:00:00+00:00,0.06430500000715256,0.06456200033426285,0.0608070008456707,0.0626240000128746,31117
2019-07-22 00:00:00+00:00,0.0626169964671135,0.06345999985933304,0.0581509992480278,0.061810001730918884,74258
2019-07-23 00:00:00+00:00,0.06181100010871887,0.06182299926877022,0.0521869994699955,0.05453399941325188,137670
2019-07-24 00:00:00+00:00,0.05453399941325188,0.06319300085306168,0.04935099929571152,0.060398001223802567,125363
2019-07-25 00:00:00+00:00,0.06036800146102905,0.06228400021791458,0.05984000116586685,0.06079699844121933,26806
2019-07-26 00:00:00+00:00,0.06078999862074852,0.06094000115990639,0.05928900092840195,0.06045899912714958,22844
2019-07-27 00:00:00+00:00,0.06045899912714958,0.06134900078177452,0.05604200065135956,0.056933000683784485,17115
2019-07-28 00:00:00+00:00,0.0569010004401207,0.057787999510765076,0.054402999579906464,0.05746399983763695,58433
2019-07-29 00:00:00+00:00,0.0574599988758564,0.05854399874806404,0.04743799939751625,0.05144599825143814,157990
2019-07-30 00:00:00+00:00,0.05144999921321869,0.0581279993057251,0.0454769991338253,0.051566001027822495,167290
2019-07-31 00:00:00+00:00,0.05156800150871277,0.05649400129914284,0.05056300014257431,0.05491900071501732,69073
2019-08-01 00:00:00+00:00,0.05495300143957138,0.05653800070285797,0.049779001623392105,0.05598499998450279,150132
2019-08-02 00:00:00+00:00,0.05598599836230278,0.05855799838900566,0.05508600175380707,0.05694900080561638,63543
2019-08-03 00:00:00+00:00,0.05694999918341637,0.059769000858068466,0.052035000175237656,0.05528400093317032,92181
2019-08-04 00:00:00+00:00,0.05528299883008003,0.05721199885010719,0.05285000056028366,0.05496999993920326,54516
2019-08-05 00:00:00+00:00,0.055125001817941666,0.05871700122952461,0.0499190017580986,0.0535769984126091,73740
2019-08-06 00:00:00+00:00,0.05355900153517723,0.05801299959421158,0.05223900079727173,0.05490399897098541,19612
2019-08-07 00:00:00+00:00,0.054896000772714615,0.06227400153875351,0.053449999541044235,0.06010400131344795,99944
2019-08-08 00:00:00+00:00,0.06010400131344795,0.0620339997112751,0.05629200115799904,0.06192899867892265,80911
2019-08-09 00:00:00+00:00,0.06187700107693672,0.06194400042295456,0.05784500017762184,0.05887199938297272,96066
2019-08-10 00:00:00+00:00,0.05887199938297272,0.06413699686527252,0.05885300040245056,0.05900400131940842,63407
2019-08-11 00:00:00+00:00,0.0590130016207695,0.0695749968290329,0.05894000083208084,0.0662200003862381,99078
2019-08-12 00:00:00+00:00,0.06537000089883804,0.07482399791479111,0.06007400155067444,0.06241299957036972,69894
2019-08-13 00:00:00+00:00,0.062254998832941055,0.0715240016579628,0.0619329996407032,0.07091700285673141,111557
2019-08-14 00:00:00+00:00,0.07089599967002869,0.0755539983510971,0.06542400270700455,0.06661000102758408,98190
2019-08-15 00:00:00+00:00,0.06661000102758408,0.06922899931669235,0.06327400356531143,0.06615500152111053,99779
2019-08-16 00:00:00+00:00,0.06615400314331055,0.07010000199079514,0.06354299932718277,0.0651639997959137,59378
2019-08-17 00:00:00+00:00,0.0651710033416748,0.07132700085639954,0.06343799829483032,0.07126999646425247,55850
2019-08-18 00:00:00+00:00,0.07127299904823303,0.07162799686193466,0.06615400314331055,0.07055100053548813,46608
2019-08-19 00:00:00+00:00,0.0705690011382103,0.07490699738264084,0.06869900226593018,0.07270699739456177,39801
2019-08-20 00:00:00+00:00,0.07270699739456177,0.07529699802398682,0.06956800073385239,0.07373300194740295,27104
2019-08-21 00:00:00+00:00,0.07373999804258347,0.08403299748897552,0.06981900334358215,0.07712200284004211,90036
2019-08-22 00:00:00+00:00,0.07712599635124207,0.08319299668073654,0.07600300014019012,0.07876099646091461,99825
2019-08-23 00:00:00+00:00,0.07876099646091461,0.08365699648857117,0.07675600051879883,0.07801699638366699,63677
2019-08-24 00:00:00+00:00,0.07802999764680862,0.08070799708366394,0.07677999883890152,0.07899399846792221,11935
2019-08-25 00:00:00+00:00,0.07899399846792221,0.07899399846792221,0.07214300334453583,0.07368800044059753,37929
2019-08-26 00:00:00+00:00,0.07371199876070023,0.07625599950551987,0.06807100027799606,0.07110399752855301,78419
2019-08-27 00:00:00+00:00,0.07110399752855301,0.0751190036535263,0.06734299659729004,0.07180500030517578,63618
2019-08-28 00:00:00+00:00,0.0718189999461174,0.07411900162696838,0.06194600090384483,0.06681299954652786,139370
2019-08-29 00:00:00+00:00,0.06681299954652786,0.06710299849510193,0.0602869987487793,0.062254998832941055,58902
2019-08-30 00:00:00+00:00,0.06224599853157997,0.0639989972114563,0.047894999384880066,0.05725200101733208,112632
2019-08-31 00:00:00+00:00,0.05725700035691261,0.0606519989669323,0.05536700040102005,0.06013999879360199,38172
2019-09-01 00:00:00+00:00,0.060107000172138214,0.06054599955677986,0.05573299899697304,0.05883700028061867,33905
2019-09-02 00:00:00+00:00,0.05883700028061867,0.06115100160241127,0.05623000115156174,0.06046999990940094,62616
2019-09-03 00:00:00+00:00,0.060467999428510666,0.06119599938392639,0.04826800152659416,0.05896500125527382,78431
2019-09-04 00:00:00+00:00,0.05896199867129326,0.06148599833250046,0.052379999309778214,0.05714999884366989,52487
2019-09-05 00:00:00+00:00,0.057156000286340714,0.06043900176882744,0.053780000656843185,0.05953399837017059,143584
2019-09-06 00:00:00+00:00,0.05953399837017059,0.06119399890303612,0.05536999925971031,0.05757899954915047,78281
2019-09-07 00:00:00+00:00,0.05759499967098236,0.059647999703884125,0.05249299854040146,0.05904499813914299,57149
2019-09-08 00:00:00+00:00,0.05902799963951111,0.060993000864982605,0.055674999952316284,0.057461000978946686,81342
2019-09-09 00:00:00+00:00,0.057461000978946686,0.061188001185655594,0.05575200170278549,0.06078200042247772,64050
2019-09-10 00:00:00+00:00,0.060763001441955566,0.06283500045537949,0.05906600132584572,0.06050800159573555,101797
2019-09-11 00:00:00+00:00,0.06050800159573555,0.06073499843478203,0.058685000985860825,0.05969500169157982,14882
2019-09-12 00:00:00+00:00,0.059672001749277115,0.06271400302648544,0.05892999842762947,0.06208699941635132,36852
2019-09-13 00:00:00+00:00,0.06208699941635132,0.07361800223588943,0.05828699842095375,0.06058799847960472,144091
2019-09-14 00:00:00+00:00,0.06061999872326851,0.06716399639844894,0.058903999626636505,0.06532999873161316,146240
2019-09-15 00:00:00+00:00,0.06532300263643265,0.06645499914884567,0.06402599811553955,0.06617899984121323,33028
2019-09-16 00:00:00+00:00,0.06618600338697433,0.0682549998164177,0.06208999827504158,0.06639499962329865,54045
2019-09-17 00:00:00+00:00,0.06640399992465973,0.07190500199794769,0.06457500159740448,0.07146699726581573,56479
2019-09-18 00:00:00+00:00,0.07138100266456604,0.07254199683666229,0.046633001416921616,0.0662039965391159,140076
2019-09-19 00:00:00+00:00,0.06621800363063812,0.07170700281858444,0.059317998588085175,0.06787899881601334,141960
2019-09-20 00:00:00+00:00,0.06784000247716904,0.07037600129842758,0.06589899957180023,0.0702579990029335,41859
2019-09-21 00:00:00+00:00,0.07030700147151947,0.07056800276041031,0.06524699926376343,0.06583099812269211,104581
2019-09-22 00:00:00+00:00,0.06581799685955048,0.07020100206136703,0.06580500304698944,0.06960400193929672,98631
2019-09-23 00:00:00+00:00,0.06961599737405777,0.06964699923992157,0.06084899976849556,0.06837199628353119,97092
2019-09-24 00:00:00+00:00,0.0683789998292923,0.0685340017080307,0.04954199865460396,0.054926998913288116,44188
2019-09-25 00:00:00+00:00,0.0549359992146492,0.06194499880075455,0.052776999771595,0.061861999332904816,77191
2019-09-26 00:00:00+00:00,0.061861999332904816,0.061861999332904816,0.05564200133085251,0.059004999697208405,37152
2019-09-27 00:00:00+00:00,0.05896100029349327,0.06055599823594093,0.05245000123977661,0.0604030005633831,57612
2019-09-28 00:00:00+00:00,0.060416001826524734,0.06362800300121307,0.05616699904203415,0.062164001166820526,87975
2019-09-29 00:00:00+00:00,0.06217699870467186,0.06239699944853783,0.058164000511169434,0.059944998472929,45973
2019-09-30 00:00:00+00:00,0.059932999312877655,0.06103599816560745,0.05717400088906288,0.05812299996614456,24849
2019-10-01 00:00:00+00:00,0.058129001408815384,0.06141899898648262,0.05679599940776825,0.06035299971699715,48297
2019-10-02 00:00:00+00:00,0.06035299971699715,0.06112699955701828,0.055702999234199524,0.06110500171780586,47300
2019-10-03 00:00:00+00:00,0.06113100051879883,0.061459001153707504,0.05694999918341637,0.05973999947309494,21407
2019-10-04 00:00:00+00:00,0.0597199983894825,0.06046200171113014,0.057114001363515854,0.058090001344680786,11223
2019-10-05 00:00:00+00:00,0.058090001344680786,0.0618319995701313,0.05698399990797043,0.06168299913406372,34741
2019-10-06 00:00:00+00:00,0.06166699901223183,0.061827998608350754,0.05547799915075302,0.05859699845314026,47086
2019-10-07 00:00:00+00:00,0.05854099988937378,0.06181799992918968,0.0570329986512661,0.05942000076174736,61953
2019-10-08 00:00:00+00:00,0.059418000280857086,0.06241900101304054,0.058031000196933746,0.05864100158214569,13045
2019-10-09 00:00:00+00:00,0.05864100158214569,0.0658079981803894,0.05862399935722351,0.06564000248908997,22679
2019-10-10 00:00:00+00:00,0.06564299762248993,0.06628300249576569,0.0628189966082573,0.06477099657058716,42018
2019-10-11 00:00:00+00:00,0.06477800011634827,0.06570299714803696,0.06220399960875511,0.06262099742889404,16092
2019-10-12 00:00:00+00:00,0.06259900331497192,0.06416399776935577,0.0602790005505085,0.06234800070524216,36017
2019-10-13 00:00:00+00:00,0.062320999801158905,0.06473299860954285,0.061514999717473984,0.062231000512838364,37876
2019-10-14 00:00:00+00:00,0.062231000512838364,0.06428500264883041,0.05973299965262413,0.06187799945473671,61492
2019-10-15 00:00:00+00:00,0.06190099939703941,0.06324700266122818,0.057468000799417496,0.05898100137710571,49298
2019-10-16 00:00:00+00:00,0.058952998369932175,0.05956599861383438,0.055821001529693604,0.057475000619888306,91661
2019-10-17 00:00:00+00:00,0.05744500085711479,0.05842699855566025,0.055959999561309814,0.05841900035738945,77888
2019-10-18 00:00:00+00:00,0.05841900035738945,0.058421000838279724,0.0546719990670681,0.056807998567819595,60363
2019-10-19 00:00:00+00:00,0.0568000003695488,0.05788600072264671,0.05557199940085411,0.05696500092744827,39086
2019-10-20 00:00:00+00:00,0.056999001652002335,0.05884400010108948,0.0557899996638298,0.05881499871611595,49187
2019-10-21 00:00:00+00:00,0.05881499871611595,0.059112999588251114,0.0563960000872612,0.05781500041484833,72038
2019-10-22 00:00:00+00:00,0.057815998792648315,0.057822998613119125,0.05432699993252754,0.05444199964404106,66158
2019-10-23 00:00:00+00:00,0.054669998586177826,0.05480099841952324,0.048909999430179596,0.051635999232530594,61833
2019-10-24 00:00:00+00:00,0.051635999232530594,0.051833998411893845,0.049924999475479126,0.05141500011086464,68806
2019-10-25 00:00:00+00:00,0.05141500011086464,0.05731400102376938,0.05067700147628784,0.05688200145959854,62766
2019-10-26 00:00:00+00:00,0.05685599893331528,0.060509998351335526,0.05046999827027321,0.05621400102972984,117286
2019-10-27 00:00:00+00:00,0.05621400102972984,0.05800599977374077,0.050227001309394836,0.05313999950885773,39610
2019-10-28 00:00:00+00:00,0.05310399830341339,0.05500900000333786,0.05019199848175049,0.05245700106024742,25925
2019-10-29 00:00:00+00:00,0.052441999316215515,0.053842999041080475,0.0498570017516613,0.05353499948978424,51253
2019-10-30 00:00:00+00:00,0.05353499948978424,0.05381200090050697,0.04752599820494652,0.05157500132918358,79226
2019-10-31 00:00:00+00:00,0.05152000114321709,0.05291999876499176,0.04953499883413315,0.051895998418331146,8938
2019-11-01 00:00:00+00:00,0.05187100172042847,0.05187100172042847,0.04591599851846695,0.04963099956512451,49375
2019-11-02 00:00:00+00:00,0.04963099956512451,0.05050000175833702,0.048197001218795776,0.04923800006508827,30465
2019-11-03 00:00:00+00:00,0.04923800006508827,0.04975200071930885,0.0451200008392334,0.04590899869799614,34453
2019-11-04 00:00:00+00:00,0.04589200019836426,0.04753800109028816,0.044218000024557114,0.04645099863409996,78755
2019-11-05 00:00:00+00:00,0.04645099863409996,0.05031900107860565,0.044714998453855515,0.04838699847459793,74233
2019-11-06 00:00:00+00:00,0.048374999314546585,0.05181099846959114,0.047426000237464905,0.05139999836683273,62236
2019-11-07 00:00:00+00:00,0.05135999992489815,0.05190100148320198,0.04849199950695038,0.050335001200437546,76964
2019-11-08 00:00:00+00:00,0.050335999578237534,0.050471000373363495,0.047276001423597336,0.04796399921178818,47990
2019-11-09 00:00:00+00:00,0.047979000955820084,0.0491969995200634,0.04669800028204918,0.04906700178980827,51618
2019-11-10 00:00:00+00:00,0.04907200112938881,0.05148499831557274,0.04752099886536598,0.05077299848198891,21094
2019-11-11 00:00:00+00:00,0.05075500160455704,0.05130400136113167,0.047136999666690826,0.048392001539468765,33185
2019-11-12 00:00:00+00:00,0.04839500039815903,0.051913000643253326,0.04785899817943573,0.04952400177717209,24041
2019-11-13 00:00:00+00:00,0.049518000334501266,0.054016999900341034,0.04902400076389313,0.04913400113582611,101920
2019-11-14 00:00:00+00:00,0.04913799837231636,0.04996500164270401,0.04761900007724762,0.047752998769283295,16813
2019-11-15 00:00:00+00:00,0.04778200015425682,0.048875000327825546,0.04639400169253349,0.046845998615026474,8780
2019-11-16 00:00:00+00:00,0.04685400053858757,0.047929998487234116,0.046007998287677765,0.046966999769210815,10511
2019-11-17 00:00:00+00:00,0.046966999769210815,0.04871699959039688,0.0454769991338253,0.04749000072479248,12348
2019-11-18 00:00:00+00:00,0.04748599976301193,0.047965001314878464,0.04293400049209595,0.045621998608112335,25253
2019-11-19 00:00:00+00:00,0.045621998608112335,0.04604800045490265,0.036841001361608505,0.04298099875450134,128165
2019-11-20 00:00:00+00:00,0.04298099875450134,0.04502899944782257,0.04102399945259094,0.04156100004911423,28414
2019-11-21 00:00:00+00:00,0.04155300185084343,0.042959000915288925,0.03908199816942215,0.04034800082445145,8160
2019-11-22 00:00:00+00:00,0.04034800082445145,0.04118800163269043,0.03513500094413757,0.03866700083017349,18627
2019-11-23 00:00:00+00:00,0.03865800052881241,0.03866099938750267,0.036632001399993896,0.03849799931049347,10760
2019-11-24 00:00:00+00:00,0.03849799931049347,0.038607001304626465,0.03610699996352196,0.03610699996352196,6655
2019-11-25 00:00:00+00:00,0.03609900176525116,0.037330999970436096,0.032878998667001724,0.035930998623371124,19716
2019-11-26 00:00:00+00:00,0.03592099994421005,0.046939000487327576,0.03592099994421005,0.042364999651908875,69134
2019-11-27 00:00:00+00:00,0.04217499867081642,0.05021100118756294,0.04217499867081642,0.04978099837899208,102334
2019-11-28 00:00:00+00:00,0.04977700114250183,0.05394100025296211,0.04977700114250183,0.05234000086784363,67033
2019-11-29 00:00:00+00:00,0.052338000386953354,0.05834700167179108,0.05222000181674957,0.058329999446868896,57122
2019-11-30 00:00:00+00:00,0.058329999446868896,0.06750500202178955,0.05734200030565262,0.06739400327205658,91307
2019-12-01 00:00:00+00:00,0.06737399846315384,0.0820619985461235,0.06446299701929092,0.06999000161886215,114485
2019-12-02 00:00:00+00:00,0.07031799852848053,0.0967010036110878,0.06864500045776367,0.0826530009508133,137210
2019-12-03 00:00:00+00:00,0.0826530009508133,0.08554799854755402,0.07487700134515762,0.08040100336074829,191418
2019-12-04 00:00:00+00:00,0.08039800077676773,0.08039800077676773,0.06609900295734406,0.07750999927520752,72148
2019-12-05 00:00:00+00:00,0.07740499824285507,0.0776429995894432,0.0658319965004921,0.07652600109577179,94437
2019-12-06 00:00:00+00:00,0.0765720009803772,0.08164700120687485,0.07180599868297577,0.07502099871635437,45267
2019-12-07 00:00:00+00:00,0.075033999979496,0.07908300310373306,0.07423300296068192,0.07684899866580963,7904
2019-12-08 00:00:00+00:00,0.07681500166654587,0.08437000215053558,0.07548800110816956,0.07934299856424332,71643
2019-12-09 00:00:00+00:00,0.07931199669837952,0.08104199916124344,0.06865599751472473,0.07077399641275406,51719
2019-12-10 00:00:00+00:00,0.07077199965715408,0.07484699785709381,0.06503800302743912,0.07095900177955627,75997
2019-12-11 00:00:00+00:00,0.07112599909305573,0.07112599909305573,0.06531599909067154,0.06694299727678299,21292
2019-12-12 00:00:00+00:00,0.06696099787950516,0.07403499633073807,0.06504300236701965,0.06720300018787384,45346
2019-12-13 00:00:00+00:00,0.06717699766159058,0.06990300118923187,0.06491799652576447,0.06755299866199493,44215
2019-12-14 00:00:00+00:00,0.06755799800157547,0.06947600096464157,0.06603600084781647,0.0688219964504242,162301
2019-12-15 00:00:00+00:00,0.0688219964504242,0.07605999708175659,0.06740199774503708,0.0752979964017868,173444
2019-12-16 00:00:00+00:00,0.07531700283288956,0.07552900165319443,0.06877999752759933,0.07015399634838104,212055
2019-12-17 00:00:00+00:00,0.07015399634838104,0.07019399851560593,0.05927899852395058,0.060903001576662064,254301
2019-12-18 00:00:00+00:00,0.060903001576662064,0.07500100135803223,0.060832999646663666,0.07500100135803223,180743
2019-12-19 00:00:00+00:00,0.07500100135803223,0.07870999723672867,0.07262100279331207,0.0786610022187233,72108
2019-12-20 00:00:00+00:00,0.0786610022187233,0.08389899879693985,0.07833199948072433,0.08342699706554413,74373
2019-12-21 00:00:00+00:00,0.08340200036764145,0.08462999761104584,0.08247800171375275,0.08383599668741226,122924
2019-12-22 00:00:00+00:00,0.083856001496315,0.10367699712514877,0.08366599678993225,0.10178899765014648,214673
2019-12-23 00:00:00+00:00,0.10175000131130219,0.11299999803304672,0.09656699746847153,0.09798000007867813,220112
2019-12-24 00:00:00+00:00,0.09799300134181976,0.10880500078201294,0.09775999933481216,0.10879500210285187,77068
2019-12-25 00:00:00+00:00,0.10874699801206589,0.1095540001988411,0.10397999733686447,0.10939399898052216,81441
2019-12-26 00:00:00+00:00,0.10939399898052216,0.11384300142526627,0.10871099680662155,0.11266099661588669,95111
2019-12-27 00:00:00+00:00,0.11266099661588669,0.13482800126075745,0.11138500273227692,0.12882100045681,254212
2019-12-28 00:00:00+00:00,0.12882700562477112,0.15937800705432892,0.12750299274921417,0.15721599757671356,486146
2019-12-29 00:00:00+00:00,0.15709799528121948,0.1646759957075119,0.1461549997329712,0.1572130024433136,282227
2019-12-30 00:00:00+00:00,0.1572130024433136,0.1636970043182373,0.12219399958848953,0.15843099355697632,673968
2019-12-31 00:00:00+00:00,0.15835000574588776,0.15903200209140778,0.12980499863624573,0.14142900705337524,222011
2020-01-01 00:00:00+00:00,0.14142900705337524,0.14826400578022003,0.14093899726867676,0.14569799602031708,62020
2020-01-02 00:00:00+00:00,0.14569100737571716,0.14823000133037567,0.1353919953107834,0.137937992811203,101172
2020-01-03 00:00:00+00:00,0.13795499503612518,0.15165099501609802,0.1369740068912506,0.14606599509716034,91798
2020-01-04 00:00:00+00:00,0.14602799713611603,0.14964799582958221,0.14223699271678925,0.14960800111293793,70645
2020-01-05 00:00:00+00:00,0.14951500296592712,0.15363599359989166,0.14455099403858185,0.14853200316429138,67132
2020-01-06 00:00:00+00:00,0.14861899614334106,0.15374499559402466,0.1336439996957779,0.14097300171852112,212824
2020-01-07 00:00:00+00:00,0.1401509940624237,0.15143099427223206,0.1401509940624237,0.1475590020418167,94033
2020-01-08 00:00:00+00:00,0.1475590020418167,0.15314799547195435,0.14583900570869446,0.1490509957075119,92333
2020-01-09 00:00:00+00:00,0.1488569974899292,0.15000300109386444,0.13621200621128082,0.14271199703216553,128006
2020-01-10 00:00:00+00:00,0.14281299710273743,0.14841300249099731,0.13587799668312073,0.14695799350738525,76686
2020-01-11 00:00:00+00:00,0.14700299501419067,0.14700299501419067,0.13414999842643738,0.13821099698543549,71398
2020-01-12 00:00:00+00:00,0.13811099529266357,0.14678700268268585,0.13006499409675598,0.14416399598121643,163810
2020-01-13 00:00:00+00:00,0.1443690061569214,0.14664599299430847,0.1373489946126938,0.14488300681114197,100108
2020-01-14 00:00:00+00:00,0.14490799605846405,0.15138299763202667,0.1368360072374344,0.15071099996566772,97185
2020-01-15 00:00:00+00:00,0.15076899528503418,0.15150099992752075,0.1392419934272766,0.14731399714946747,80903
2020-01-16 00:00:00+00:00,0.147366002202034,0.148049995303154,0.13635699450969696,0.14328399300575256,76864
2020-01-17 00:00:00+00:00,0.14331600069999695,0.148157000541687,0.13002100586891174,0.13304899632930756,224717
2020-01-18 00:00:00+00:00,0.13287299871444702,0.1466359943151474,0.13154399394989014,0.14200499653816223,174483
2020-01-19 00:00:00+00:00,0.14155200123786926,0.14396600425243378,0.12657499313354492,0.13679100573062897,79043
2020-01-20 00:00:00+00:00,0.13683399558067322,0.13715599477291107,0.12401700019836426,0.12666800618171692,160557
2020-01-21 00:00:00+00:00,0.12666699290275574,0.1440880000591278,0.12500999867916107,0.13614200055599213,114078
2020-01-22 00:00:00+00:00,0.1367660015821457,0.14160099625587463,0.13034699857234955,0.1343500018119812,298264
2020-01-23 00:00:00+00:00,0.13435199856758118,0.1356389969587326,0.1270660012960434,0.13128000497817993,121001
2020-01-24 00:00:00+00:00,0.131399005651474,0.13355399668216705,0.1274310052394867,0.13325899839401245,53232
2020-01-25 00:00:00+00:00,0.13328100740909576,0.13520300388336182,0.12920600175857544,0.1336210072040558,74855
2020-01-26 00:00:00+00:00,0.13360300660133362,0.14185599982738495,0.1324319988489151,0.14121699333190918,50616
2020-01-27 00:00:00+00:00,0.14126700162887573,0.15454399585723877,0.138605996966362,0.15105600655078888,83508
2020-01-28 00:00:00+00:00,0.15187999606132507,0.16045500338077545,0.14724600315093994,0.15996600687503815,114491
2020-01-29 00:00:00+00:00,0.16001799702644348,0.1602180004119873,0.1493220031261444,0.15405799448490143,120571
2020-01-30 00:00:00+00:00,0.15395799279212952,0.15968799591064453,0.14673000574111938,0.15346300601959229,94359
2020-01-31 00:00:00+00:00,0.1534149944782257,0.15916800498962402,0.1496109962463379,0.15397000312805176,87592
2020-02-01 00:00:00+00:00,0.15396900475025177,0.15928000211715698,0.15299899876117706,0.15859399735927582,120509
2020-02-02 00:00:00+00:00,0.15853799879550934,0.16568300127983093,0.1538349986076355,0.16281400620937347,120591
2020-02-03 00:00:00+00:00,0.16281400620937347,0.17172299325466156,0.16113600134849548,0.17011600732803345,76157
2020-02-04 00:00:00+00:00,0.17013700306415558,0.17492300271987915,0.16233700513839722,0.17020000517368317,267549
2020-02-05 00:00:00+00:00,0.17015999555587769,0.18168200552463531,0.16571000218391418,0.16866999864578247,323192
2020-02-06 00:00:00+00:00,0.16815799474716187,0.18225599825382233,0.16158699989318848,0.16444799304008484,254595
2020-02-07 00:00:00+00:00,0.16447000205516815,0.1757729947566986,0.15786899626255035,0.16408400237560272,148070
2020-02-08 00:00:00+00:00,0.16393199563026428,0.17169000208377838,0.15975700318813324,0.17020200192928314,67664
2020-02-09 00:00:00+00:00,0.1701740026473999,0.1746699959039688,0.1660120040178299,0.16603800654411316,64667
2020-02-10 00:00:00+00:00,0.1670600026845932,0.17109300196170807,0.15660500526428223,0.16655400395393372,78937
2020-02-11 00:00:00+00:00,0.16655300557613373,0.1701519936323166,0.1591310054063797,0.16821199655532837,95298
2020-02-12 00:00:00+00:00,0.16821099817752838,0.18089799582958221,0.1677899956703186,0.17551100254058838,109776
2020-02-13 00:00:00+00:00,0.17551100254058838,0.18191300332546234,0.1647540032863617,0.16756899654865265,116864
2020-02-14 00:00:00+00:00,0.16765199601650238,0.17049799859523773,0.15789300203323364,0.15876799821853638,112077
2020-02-15 00:00:00+00:00,0.15876799821853638,0.17887599766254425,0.15446799993515015,0.16255800426006317,64498
2020-02-16 00:00:00+00:00,0.1626809984445572,0.16515199840068817,0.14910399913787842,0.1590770035982132,46800
2020-02-17 00:00:00+00:00,0.15882399678230286,0.16075100004673004,0.1397860050201416,0.1595969945192337,126561
2020-02-18 00:00:00+00:00,0.15951600670814514,0.16649100184440613,0.15645800530910492,0.16037899255752563,90523
2020-02-19 00:00:00+00:00,0.16045700013637543,0.16049599647521973,0.13562999665737152,0.13712799549102783,68582
2020-02-20 00:00:00+00:00,0.13676099479198456,0.14865100383758545,0.1363700032234192,0.14567700028419495,72812
2020-02-21 00:00:00+00:00,0.14559000730514526,0.1537349969148636,0.1404380053281784,0.14767199754714966,69366
2020-02-22 00:00:00+00:00,0.147817000746727,0.14822399616241455,0.13748499751091003,0.14681200683116913,49720
2020-02-23 00:00:00+00:00,0.14681200683116913,0.15441499650478363,0.14458300173282623,0.147025004029274,64442
2020-02-24 00:00:00+00:00,0.14708499610424042,0.1725730001926422,0.13774700462818146,0.14198200404644012,84962
2020-02-25 00:00:00+00:00,0.14277300238609314,0.14787399768829346,0.12743699550628662,0.1375190019607544,51139
2020-02-26 00:00:00+00:00,0.13736699521541595,0.13736699521541595,0.12367799878120422,0.12758000195026398,52133
2020-02-27 00:00:00+00:00,0.12756499648094177,0.13428300619125366,0.12002699822187424,0.1314390003681183,75268
2020-02-28 00:00:00+00:00,0.13151200115680695,0.13604499399662018,0.12824800610542297,0.13052399456501007,81702
2020-02-29 00:00:00+00:00,0.1305830031633377,0.1332329958677292,0.12367700040340424,0.12367700040340424,32270
2020-03-01 00:00:00+00:00,0.12360399961471558,0.12544099986553192,0.11437299847602844,0.11846300214529037,49796
2020-03-02 00:00:00+00:00,0.11849699914455414,0.12609000504016876,0.11316200345754623,0.12372200191020966,86287
2020-03-03 00:00:00+00:00,0.12337800115346909,0.1389160007238388,0.12009300291538239,0.13030999898910522,192942
2020-03-04 00:00:00+00:00,0.1303420066833496,0.13789699971675873,0.12671999633312225,0.1348699927330017,75257
2020-03-05 00:00:00+00:00,0.1349100023508072,0.13826100528240204,0.12503500282764435,0.12685200572013855,115982
2020-03-06 00:00:00+00:00,0.12692900002002716,0.13223400712013245,0.12657399475574493,0.13099099695682526,71411
2020-03-07 00:00:00+00:00,0.13098900020122528,0.1330839991569519,0.1259090006351471,0.12895600497722626,54262
2020-03-08 00:00:00+00:00,0.12898500263690948,0.12902399897575378,0.10718400031328201,0.10718400031328201,122539
2020-03-09 00:00:00+00:00,0.10719200223684311,0.11075200140476227,0.09946099668741226,0.1023309975862503,136456
2020-03-10 00:00:00+00:00,0.1024399995803833,0.10362199693918228,0.09602899849414825,0.09943599998950958,183229
2020-03-11 00:00:00+00:00,0.09944300353527069,0.1038459986448288,0.08746399730443954,0.09172400087118149,195192
2020-03-12 00:00:00+00:00,0.09170400351285934,0.09211800247430801,0.05354899913072586,0.05397399887442589,122850
2020-03-13 00:00:00+00:00,0.053961001336574554,0.07912000268697739,0.04927999898791313,0.0770839974284172,215371
2020-03-14 00:00:00+00:00,0.07722900062799454,0.08179300278425217,0.07524999976158142,0.0763930007815361,40614
2020-03-15 00:00:00+00:00,0.0763930007815361,0.07851599901914597,0.06943699717521667,0.0695360004901886,98211
2020-03-16 00:00:00+00:00,0.06938599795103073,0.07039300352334976,0.05878100171685219,0.06261900067329407,151285
2020-03-17 00:00:00+00:00,0.06264899671077728,0.06782600283622742,0.061229001730680466,0.06289499998092651,90426
2020-03-18 00:00:00+00:00,0.06275299936532974,0.06630200147628784,0.06145799905061722,0.06519000232219696,49645
2020-03-19 00:00:00+00:00,0.06519000232219696,0.0853319987654686,0.06519000232219696,0.08356200158596039,195317
2020-03-20 00:00:00+00:00,0.08352299779653549,0.08831200003623962,0.07262399792671204,0.07668499648571014,108578
2020-03-21 00:00:00+00:00,0.07670699805021286,0.082225002348423,0.07473599910736084,0.07970499992370605,80646
2020-03-22 00:00:00+00:00,0.07941500097513199,0.08142399787902832,0.0710190013051033,0.07178299874067307,71780
2020-03-23 00:00:00+00:00,0.07178299874067307,0.07683400064706802,0.07056500017642975,0.07569900155067444,99989
2020-03-24 00:00:00+00:00,0.07571899890899658,0.08488799631595612,0.07366299629211426,0.08162800222635269,165708
2020-03-25 00:00:00+00:00,0.08164600282907486,0.08263400197029114,0.07717300206422806,0.0808200016617775,86957
2020-03-26 00:00:00+00:00,0.0808200016617775,0.08349999785423279,0.07946000248193741,0.08319299668073654,99616
2020-03-27 00:00:00+00:00,0.08321099728345871,0.08374200016260147,0.08002199977636337,0.08007899671792984,69064
2020-03-28 00:00:00+00:00,0.08009400218725204,0.08009400218725204,0.07411599904298782,0.07702399790287018,59118
2020-03-29 00:00:00+00:00,0.07703199982643127,0.077394999563694,0.073062002658844,0.0743509978055954,53910
2020-03-30 00:00:00+00:00,0.07429099828004837,0.07894600182771683,0.07263500243425369,0.07710999995470047,83300
2020-03-31 00:00:00+00:00,0.07801099866628647,0.07801099866628647,0.07286400347948074,0.07460200041532516,110079
2020-04-01 00:00:00+00:00,0.07460200041532516,0.08077699691057205,0.07302100211381912,0.07653400301933289,156235
2020-04-02 00:00:00+00:00,0.07654199749231339,0.08288300037384033,0.07535599917173386,0.08142600208520889,92031
2020-04-03 00:00:00+00:00,0.08147700130939484,0.08353299647569656,0.07815399765968323,0.0797009989619255,84205
2020-04-04 00:00:00+00:00,0.0797009989619255,0.08009199798107147,0.07593700289726257,0.07690799981355667,110224
2020-04-05 00:00:00+00:00,0.0768899992108345,0.07843299955129623,0.07484599947929382,0.07811400294303894,52090
2020-04-06 00:00:00+00:00,0.07806500047445297,0.08004900068044662,0.07437600195407867,0.08004900068044662,214391
2020-04-07 00:00:00+00:00,0.08002600073814392,0.08180300146341324,0.07483399659395218,0.07662300020456314,137717
2020-04-08 00:00:00+00:00,0.07662300020456314,0.08545400202274323,0.07413999736309052,0.07735499739646912,81194
2020-04-09 00:00:00+00:00,0.0773719996213913,0.07883299887180328,0.07354199886322021,0.07590799778699875,100515
2020-04-10 00:00:00+00:00,0.07588600367307663,0.07588700205087662,0.06947500258684158,0.07440400123596191,96834
2020-04-11 00:00:00+00:00,0.07440400123596191,0.07820899784564972,0.07272999733686447,0.07614800333976746,82441
2020-04-12 00:00:00+00:00,0.0761760026216507,0.08264400064945221,0.07585900276899338,0.08188799768686295,61719
2020-04-13 00:00:00+00:00,0.08191700279712677,0.08276200294494629,0.07792200148105621,0.08224499970674515,59008
2020-04-14 00:00:00+00:00,0.08224499970674515,0.08339100331068039,0.07930099964141846,0.08081900328397751,50161
2020-04-15 00:00:00+00:00,0.08080799877643585,0.09574899822473526,0.07841400057077408,0.08576499670743942,330197
2020-04-16 00:00:00+00:00,0.08574700355529785,0.09681099653244019,0.08454400300979614,0.09458599984645844,135326
2020-04-17 00:00:00+00:00,0.09460700303316116,0.10056699812412262,0.09278800338506699,0.09962199628353119,185079
2020-04-18 00:00:00+00:00,0.09962199628353119,0.10334999859333038,0.09877000004053116,0.10273200273513794,196526
2020-04-19 00:00:00+00:00,0.1033329963684082,0.10493899881839752,0.09905599802732468,0.09906800091266632,231820
2020-04-20 00:00:00+00:00,0.09909400343894958,0.10117100179195404,0.09367699921131134,0.09643399715423584,149517
2020-04-21 00:00:00+00:00,0.09645500034093857,0.09855599701404572,0.09365099668502808,0.09465000033378601,177610
2020-04-22 00:00:00+00:00,0.09465400129556656,0.10057800263166428,0.09362000226974487,0.09801000356674194,177168
2020-04-23 00:00:00+00:00,0.09801699966192245,0.10156100243330002,0.09522999823093414,0.10034400224685669,172113
2020-04-24 00:00:00+00:00,0.10030200332403183,0.10746400058269501,0.09982900321483612,0.1070299968123436,235136
2020-04-25 00:00:00+00:00,0.10702099651098251,0.10914099961519241,0.10519500076770782,0.10691799968481064,245367
2020-04-26 00:00:00+00:00,0.10692600160837173,0.10922099649906158,0.1044199988245964,0.10800399631261826,193249
2020-04-27 00:00:00+00:00,0.10808499902486801,0.10997399687767029,0.10694599896669388,0.10917200148105621,222138
2020-04-28 00:00:00+00:00,0.10919000208377838,0.11153700202703476,0.1077049970626831,0.11112599819898605,216506
2020-04-29 00:00:00+00:00,0.11106099933385849,0.12350200116634369,0.11078000068664551,0.1231520026922226,167176
2020-04-30 00:00:00+00:00,0.12309800088405609,0.1289069950580597,0.1137709990143776,0.11584699898958206,280713
2020-05-01 00:00:00+00:00,0.11584699898958206,0.12213499844074249,0.11584699898958206,0.12020900100469589,341885
2020-05-02 00:00:00+00:00,0.11998800188302994,0.12698699533939362,0.11986599862575531,0.12540100514888763,217688
2020-05-03 00:00:00+00:00,0.12568099796772003,0.1269810050725937,0.11857300251722336,0.11924800276756287,194395
2020-05-04 00:00:00+00:00,0.11925199627876282,0.12377800047397614,0.11768399924039841,0.12318699806928635,179492
2020-05-05 00:00:00+00:00,0.12315099686384201,0.12451499700546265,0.11935800313949585,0.12207800149917603,152300
2020-05-06 00:00:00+00:00,0.1220410019159317,0.1298529952764511,0.12131500244140625,0.1260260045528412,224009
2020-05-07 00:00:00+00:00,0.1260260045528412,0.13353100419044495,0.12477900087833405,0.13043299317359924,305995
2020-05-08 00:00:00+00:00,0.13022500276565552,0.13406500220298767,0.12796500325202942,0.1329600065946579,300657
2020-05-09 00:00:00+00:00,0.13296300172805786,0.13562700152397156,0.1281300038099289,0.13140200078487396,208309
2020-05-10 00:00:00+00:00,0.131399005651474,0.131399005651474,0.11186700314283371,0.11622299998998642,281910
2020-05-11 00:00:00+00:00,0.1162249967455864,0.11775700002908707,0.11196400225162506,0.11490999907255173,251764
2020-05-12 00:00:00+00:00,0.11494699865579605,0.11824099719524384,0.11446300148963928,0.11502300202846527,217019
2020-05-13 00:00:00+00:00,0.11502499878406525,0.12142899632453918,0.11450699716806412,0.12126900255680084,256442
2020-05-14 00:00:00+00:00,0.12103299796581268,0.12693899869918823,0.11904499679803848,0.1264449954032898,159952
2020-05-15 00:00:00+00:00,0.12642799317836761,0.12669900059700012,0.1188879981637001,0.12194400280714035,215185
2020-05-16 00:00:00+00:00,0.12195000052452087,0.12436400353908539,0.11867000162601471,0.12120400369167328,255700
2020-05-17 00:00:00+00:00,0.12121400237083435,0.12813700735569,0.12101999670267105,0.12718600034713745,131208
2020-05-18 00:00:00+00:00,0.12719100713729858,0.13953499495983124,0.1271750032901764,0.13600200414657593,153436
2020-05-19 00:00:00+00:00,0.13600200414657593,0.1376280039548874,0.13463899493217468,0.13595399260520935,295318
2020-05-20 00:00:00+00:00,0.13597699999809265,0.14000000059604645,0.13462500274181366,0.13826599717140198,293521
2020-05-21 00:00:00+00:00,0.13826599717140198,0.14013199508190155,0.1325400024652481,0.1355780065059662,271245
2020-05-22 00:00:00+00:00,0.13557900488376617,0.15711799263954163,0.13377200067043304,0.15530399978160858,541680
2020-05-23 00:00:00+00:00,0.15532900393009186,0.16702400147914886,0.15532900393009186,0.16702400147914886,366889
2020-05-24 00:00:00+00:00,0.16710099577903748,0.177838996052742,0.16498200595378876,0.17380400002002716,425194
2020-05-25 00:00:00+00:00,0.1734970062971115,0.18162399530410767,0.16867899894714355,0.17845900356769562,419610
2020-05-26 00:00:00+00:00,0.17846299707889557,0.19294899702072144,0.15507300198078156,0.17058700323104858,19748152
2020-05-27 00:00:00+00:00,0.17058700323104858,0.19334100186824799,0.15783999860286713,0.18335799872875214,2125400
2020-05-28 00:00:00+00:00,0.18338899314403534,0.19225800037384033,0.18170000612735748,0.19096800684928894,408264
2020-05-29 00:00:00+00:00,0.19099800288677216,0.22466599941253662,0.18668000400066376,0.21881000697612762,1011012
2020-05-30 00:00:00+00:00,0.21881499886512756,0.2838360071182251,0.21704399585723877,0.2649880051612854,1026148
2020-05-31 00:00:00+00:00,0.26500600576400757,0.26510000228881836,0.23532700538635254,0.24405600130558014,968549
2020-06-01 00:00:00+00:00,0.24409200251102448,0.2644979953765869,0.23947900533676147,0.2631399929523468,529536
2020-06-02 00:00:00+00:00,0.2633579969406128,0.265733003616333,0.24593199789524078,0.24886199831962585,647900
2020-06-03 00:00:00+00:00,0.24886199831962585,0.2647460103034973,0.24809600412845612,0.2626830041408539,871688
2020-06-04 00:00:00+00:00,0.26281800866127014,0.2725520133972168,0.24928799271583557,0.2598530054092407,721795
2020-06-05 00:00:00+00:00,0.2598530054092407,0.26912999153137207,0.2531610131263733,0.2543039917945862,694808
2020-06-06 00:00:00+00:00,0.2543039917945862,0.26100099086761475,0.24920600652694702,0.25316399335861206,565116
2020-06-07 00:00:00+00:00,0.25316399335861206,0.25652098655700684,0.241784006357193,0.24845899641513824,570813
2020-06-08 00:00:00+00:00,0.24833400547504425,0.24884000420570374,0.22624999284744263,0.2356639951467514,923063
2020-06-09 00:00:00+00:00,0.23556900024414062,0.2548980116844177,0.2241940051317215,0.2548980116844177,716596
2020-06-10 00:00:00+00:00,0.2544179856777191,0.25916099548339844,0.23387199640274048,0.24387900531291962,912072
2020-06-11 00:00:00+00:00,0.24387900531291962,0.26639899611473083,0.2423280030488968,0.24731799960136414,667890
2020-06-12 00:00:00+00:00,0.24721300601959229,0.27647900581359863,0.23693600296974182,0.2628220021724701,1063148
2020-06-13 00:00:00+00:00,0.2576720118522644,0.26424500346183777,0.24485599994659424,0.2501240074634552,433743
2020-06-14 00:00:00+00:00,0.25003400444984436,0.2501159906387329,0.22463099658489227,0.22463099658489227,570620
2020-06-15 00:00:00+00:00,0.22463099658489227,0.22644799947738647,0.20002000033855438,0.20465800166130066,803698
2020-06-16 00:00:00+00:00,0.2046629935503006,0.21652300655841827,0.19694499671459198,0.20682500302791595,491790
2020-06-17 00:00:00+00:00,0.2069139927625656,0.21425700187683105,0.20123499631881714,0.206278994679451,255601
2020-06-18 00:00:00+00:00,0.206278994679451,0.229980006814003,0.20562699437141418,0.2291399985551834,300061
2020-06-19 00:00:00+00:00,0.2249550074338913,0.25269898772239685,0.2158380001783371,0.24928000569343567,475016
2020-06-20 00:00:00+00:00,0.24928000569343567,0.275642991065979,0.24792799353599548,0.2736690044403076,601777
2020-06-21 00:00:00+00:00,0.27290400862693787,0.29500898718833923,0.26303601264953613,0.27818000316619873,439277
2020-06-22 00:00:00+00:00,0.2782039940357208,0.3294070065021515,0.2747359871864319,0.3086079955101013,831577
2020-06-23 00:00:00+00:00,0.30862998962402344,0.3199540078639984,0.29917898774147034,0.29922598600387573,589377
2020-06-24 00:00:00+00:00,0.2993060052394867,0.3052540123462677,0.27937498688697815,0.2857440114021301,615137
2020-06-25 00:00:00+00:00,0.28591200709342957,0.33814600110054016,0.2843630015850067,0.3360370099544525,643319
2020-06-26 00:00:00+00:00,0.3359610140323639,0.3718689978122711,0.31606200337409973,0.36821600794792175,1174124
2020-06-27 00:00:00+00:00,0.3681820034980774,0.45388099551200867,0.3335070013999939,0.4043880105018616,1831943
2020-06-28 00:00:00+00:00,0.4043880105018616,0.44398999214172363,0.3827100098133087,0.43331700563430786,841388
2020-06-29 00:00:00+00:00,0.43331700563430786,0.4612630009651184,0.4288780093193054,0.45915499329566956,927832
2020-06-30 00:00:00+00:00,0.45904800295829773,0.5209749937057495,0.44236698746681213,0.48679301142692566,1557369
2020-07-01 00:00:00+00:00,0.4868130087852478,0.4936380088329315,0.42826399207115173,0.44168099761009216,1146485
2020-07-02 00:00:00+00:00,0.44130900502204895,0.4531809985637665,0.41326799988746643,0.4489020109176636,795396
2020-07-03 00:00:00+00:00,0.4510680139064789,0.4770050048828125,0.4376170039176941,0.4762359857559204,747652
2020-07-04 00:00:00+00:00,0.47622498869895935,0.48474299907684326,0.4410490095615387,0.4563399851322174,805198
2020-07-05 00:00:00+00:00,0.4562070071697235,0.45891499519348145,0.3820599913597107,0.4165869951248169,928478
2020-07-06 00:00:00+00:00,0.4165869951248169,0.4196769893169403,0.38352200388908386,0.39969301223754883,814472
2020-07-07 00:00:00+00:00,0.39876800775527954,0.4115369915962219,0.37517499923706055,0.40499499440193176,696995
2020-07-08 00:00:00+00:00,0.4050450026988983,0.42179200053215027,0.3916670083999634,0.39941099286079407,705488
2020-07-09 00:00:00+00:00,0.4128879904747009,0.4128879904747009,0.37477999925613403,0.3930230140686035,805882
2020-07-10 00:00:00+00:00,0.39302799105644226,0.4063670039176941,0.3827750086784363,0.3967750072479248,494438
2020-07-11 00:00:00+00:00,0.3968130052089691,0.4137459993362427,0.39634498953819275,0.39928901195526123,490376
2020-07-12 00:00:00+00:00,0.3993130028247833,0.40247800946235657,0.37296900153160095,0.3734149932861328,466155
2020-07-13 00:00:00+00:00,0.3734149932861328,0.3985289931297302,0.3450010120868683,0.3906559944152832,1330573
2020-07-14 00:00:00+00:00,0.3896920084953308,0.39078399538993835,0.37026599049568176,0.3824099898338318,609592
2020-07-15 00:00:00+00:00,0.3826099932193756,0.38498300313949585,0.3703179955482483,0.38082799315452576,426140
2020-07-16 00:00:00+00:00,0.380731999874115,0.39428699016571045,0.3739989995956421,0.3851870000362396,544211
2020-07-17 00:00:00+00:00,0.385113000869751,0.4200249910354614,0.3731290102005005,0.40568700432777405,863193
2020-07-18 00:00:00+00:00,0.40568000078201294,0.4233179986476898,0.4018149971961975,0.4122239947319031,659048
2020-07-19 00:00:00+00:00,0.4111739993095398,0.4187549948692322,0.39938101172447205,0.40768998861312866,599628
2020-07-20 00:00:00+00:00,0.4078820049762726,0.40904998779296875,0.3916020095348358,0.3960080146789551,709985
2020-07-21 00:00:00+00:00,0.3960520029067993,0.43143099546432495,0.3929089903831482,0.43102899193763733,810862
2020-07-22 00:00:00+00:00,0.43096598982810974,0.4412980079650879,0.4169110059738159,0.430851012468338,854113
2020-07-23 00:00:00+00:00,0.43072599172592163,0.44434699416160583,0.42473500967025757,0.4399769902229309,673757
2020-07-24 00:00:00+00:00,0.4399769902229309,0.4410260021686554,0.40147900581359863,0.41443100571632385,1287856
2020-07-25 00:00:00+00:00,0.4145359992980957,0.41926801204681396,0.40052300691604614,0.41202500462532043,549585
2020-07-26 00:00:00+00:00,0.41204598546028137,0.4274410009384155,0.38966798782348633,0.4093720018863678,743374
2020-07-27 00:00:00+00:00,0.40938499569892883,0.4372290074825287,0.40119001269340515,0.4023599922657013,973674
2020-07-28 00:00:00+00:00,0.4019649922847748,0.41803601384162903,0.3874729871749878,0.3953000009059906,1237922
2020-07-29 00:00:00+00:00,0.3953480124473572,0.42155298590660095,0.39179399609565735,0.405335009098053,1019688
2020-07-30 00:00:00+00:00,0.4057610034942627,0.4102169871330261,0.3870449960231781,0.3995470106601715,1543453
2020-07-31 00:00:00+00:00,0.39897599816322327,0.42664799094200134,0.3911849856376648,0.4073919951915741,891179
2020-08-01 00:00:00+00:00,0.4073919951915741,0.4679679870605469,0.4048619866371155,0.4573659896850586,1363712
2020-08-02 00:00:00+00:00,0.4572800099849701,0.4718509912490845,0.42838698625564575,0.42843401432037354,1077649
2020-08-03 00:00:00+00:00,0.42844998836517334,0.44728100299835205,0.4169130027294159,0.4218910038471222,1626781
2020-08-04 00:00:00+00:00,0.42188000679016113,0.4549950063228607,0.4087589979171753,0.42587700486183167,1497407
2020-08-05 00:00:00+00:00,0.42581701278686523,0.4315569996833801,0.3925490081310272,0.3925490081310272,1849894
2020-08-06 00:00:00+00:00,0.39239001274108887,0.4224329888820648,0.39233699440956116,0.3961009979248047,1119638
2020-08-07 00:00:00+00:00,0.3963409960269928,0.40904700756073,0.3823789954185486,0.38470199704170227,1347748
2020-08-08 00:00:00+00:00,0.3850739896297455,0.40540701150894165,0.3817079961299896,0.3924959897994995,1121653
2020-08-09 00:00:00+00:00,0.39279499650001526,0.40110400319099426,0.3726060092449188,0.37637099623680115,1167184
2020-08-10 00:00:00+00:00,0.3764199912548065,0.38953500986099243,0.37619298696517944,0.3817259967327118,1312618
2020-08-11 00:00:00+00:00,0.3817259967327118,0.3860650062561035,0.35907799005508423,0.37105199694633484,1276281
2020-08-12 00:00:00+00:00,0.3710469901561737,0.41822001338005066,0.3692399859428406,0.4131839871406555,1208589
2020-08-13 00:00:00+00:00,0.41324201226234436,0.4255580008029938,0.39406099915504456,0.41979798674583435,1605494
2020-08-14 00:00:00+00:00,0.4196479916572571,0.42748698592185974,0.3986920118331909,0.41655099391937256,1028364
2020-08-15 00:00:00+00:00,0.41672900319099426,0.4260070025920868,0.3981119990348816,0.40115100145339966,913736
2020-08-16 00:00:00+00:00,0.40116599202156067,0.40698298811912537,0.384768009185791,0.4003109931945801,1063648
2020-08-17 00:00:00+00:00,0.4003109931945801,0.4065519869327545,0.3864870071411133,0.3865779936313629,1299526
2020-08-18 00:00:00+00:00,0.3866269886493683,0.39383000135421753,0.3750990033149719,0.3768649995326996,1373175
2020-08-19 00:00:00+00:00,0.3768649995326996,0.378603994846344,0.35459598898887634,0.36513298749923706,1098553
2020-08-20 00:00:00+00:00,0.3652690052986145,0.3970569968223572,0.36319398880004883,0.3937790095806122,1179551
2020-08-21 00:00:00+00:00,0.3937450051307678,0.40771499276161194,0.3836809992790222,0.3838439881801605,1242114
2020-08-22 00:00:00+00:00,0.3839679956436157,0.3998720049858093,0.3705559968948364,0.3771910071372986,1024946
2020-08-23 00:00:00+00:00,0.3770830035209656,0.3817780017852783,0.3597809970378876,0.3696660101413727,1007057
2020-08-24 00:00:00+00:00,0.36962899565696716,0.37951698899269104,0.3532550036907196,0.3670629858970642,1196095
2020-08-25 00:00:00+00:00,0.3671469986438751,0.393528014421463,0.3603520095348358,0.39249101281166077,1167800
2020-08-26 00:00:00+00:00,0.3922269940376282,0.4073440134525299,0.3863680064678192,0.4050459861755371,1175665
2020-08-27 00:00:00+00:00,0.4049440026283264,0.43293100595474243,0.39869698882102966,0.41254299879074097,1648895
2020-08-28 00:00:00+00:00,0.4130460023880005,0.431410014629364,0.4050390124320984,0.4234760105609894,1410561
2020-08-29 00:00:00+00:00,0.4233039915561676,0.43253400921821594,0.411081999540329,0.41638898849487305,1222240
2020-08-30 00:00:00+00:00,0.4160969853401184,0.43969300389289856,0.4127649962902069,0.4392299950122833,1210384
2020-08-31 00:00:00+00:00,0.43926501274108887,0.44002199172973633,0.41470101475715637,0.4182940125465393,1191829
2020-09-01 00:00:00+00:00,0.4181720018386841,0.4359230101108551,0.3998500108718872,0.42139700055122375,1363023
2020-09-02 00:00:00+00:00,0.4209499955177307,0.42877399921417236,0.37465301156044006,0.39680400490760803,1121049
2020-09-03 00:00:00+00:00,0.39414700865745544,0.40111398696899414,0.35755598545074463,0.3671239912509918,1040576
2020-09-04 00:00:00+00:00,0.36745399236679077,0.38675299286842346,0.36330899596214294,0.3828200101852417,972601
2020-09-05 00:00:00+00:00,0.382286012172699,0.388139009475708,0.3567120134830475,0.367574006319046,1215537
2020-09-06 00:00:00+00:00,0.367574006319046,0.3998810052871704,0.35803499817848206,0.3994480073451996,1070307
2020-09-07 00:00:00+00:00,0.399401992559433,0.40685200691223145,0.368476003408432,0.39137300848960876,859677
2020-09-08 00:00:00+00:00,0.3913230001926422,0.4136439859867096,0.36081498861312866,0.3949210047721863,1588905
2020-09-09 00:00:00+00:00,0.3948020040988922,0.4525350034236908,0.39387398958206177,0.42857399582862854,1463654
2020-09-10 00:00:00+00:00,0.42480000853538513,0.5161730051040649,0.4081540107727051,0.5127459764480591,2382767
2020-09-11 00:00:00+00:00,0.5107060074806213,0.5588250160217285,0.49636200070381165,0.534479022026062,2621231
2020-09-12 00:00:00+00:00,0.53438800573349,0.569025993347168,0.5152149796485901,0.5211399793624878,1987168
2020-09-13 00:00:00+00:00,0.5211349725723267,0.5287389755249023,0.49372100830078125,0.4986569881439209,1089071
2020-09-14 00:00:00+00:00,0.49873000383377075,0.5502449870109558,0.49010398983955383,0.5404520034790039,1146977
2020-09-15 00:00:00+00:00,0.5408080220222473,0.5731430053710938,0.530709981918335,0.555079996585846,1613710
2020-09-16 00:00:00+00:00,0.5550069808959961,0.5709699988365173,0.5425990223884583,0.5590059757232666,1302507
2020-09-17 00:00:00+00:00,0.5588759779930115,0.6016790270805359,0.5542269945144653,0.6013829708099365,1371423
2020-09-18 00:00:00+00:00,0.6013829708099365,0.7195519804954529,0.6007609963417053,0.6622999906539917,1967007
2020-09-19 00:00:00+00:00,0.6622660160064697,0.7770649790763855,0.6621770262718201,0.7276039719581604,4330657
2020-09-20 00:00:00+00:00,0.727744996547699,0.7880150079727173,0.7040929794311523,0.7458639740943909,2626252
2020-09-21 00:00:00+00:00,0.745872974395752,0.8067070245742798,0.6734060049057007,0.7038189768791199,4020917
2020-09-22 00:00:00+00:00,0.7028629779815674,0.803167998790741,0.7003200054168701,0.7925199866294861,3522357
2020-09-23 00:00:00+00:00,0.7870370149612427,0.7941420078277588,0.7291889786720276,0.730659008026123,3246646
2020-09-24 00:00:00+00:00,0.7304279804229736,0.8438829779624939,0.7261199951171875,0.8434020280838013,4416123
2020-09-25 00:00:00+00:00,0.8344650268554688,0.918008029460907,0.8037629723548889,0.9175080060958862,4576329
2020-09-26 00:00:00+00:00,0.9174200296401978,0.9523640275001526,0.8926659822463989,0.9094079732894897,5356339
2020-09-27 00:00:00+00:00,0.9093589782714844,0.9242669939994812,0.8933519721031189,0.9242560267448425,2800278
2020-09-28 00:00:00+00:00,0.924111008644104,0.9297469854354858,0.9041190147399902,0.9225829839706421,2774172
2020-09-29 00:00:00+00:00,0.9225149750709534,0.9607610106468201,0.907060980796814,0.9520329833030701,3489591
2020-09-30 00:00:00+00:00,0.9526270031929016,1.0375280380249023,0.9222360253334045,1.025933027267456,4472416
2020-10-01 00:00:00+00:00,1.0248459577560425,1.1277519464492798,1.0096739530563354,1.044935941696167,4375457
2020-10-02 00:00:00+00:00,1.0459740161895752,1.1008299589157104,1.0133819580078125,1.0935759544372559,4631282
2020-10-03 00:00:00+00:00,1.093804955482483,1.2137809991836548,1.0899720191955566,1.185492992401123,5208381
2020-10-04 00:00:00+00:00,1.1844329833984375,1.4027099609375,1.1814980506896973,1.3528369665145874,7513172
2020-10-05 00:00:00+00:00,1.345255970954895,1.4569679498672485,1.2280060052871704,1.2617100477218628,9049688
2020-10-06 00:00:00+00:00,1.2611559629440308,1.3346810340881348,1.2283680438995361,1.2334599494934082,4734229
2020-10-07 00:00:00+00:00,1.2350200414657593,1.2982820272445679,1.1969070434570312,1.2945250272750854,5686385
2020-10-08 00:00:00+00:00,1.294268012046814,1.299867033958435,1.1927720308303833,1.2784169912338257,3619833
2020-10-09 00:00:00+00:00,1.2782429456710815,1.3872109651565552,1.2759740352630615,1.3828870058059692,3357534
2020-10-10 00:00:00+00:00,1.3837029933929443,1.3904080390930176,1.3166979551315308,1.3541710376739502,4093123
2020-10-11 00:00:00+00:00,1.353971004486084,1.3547379970550537,1.3052610158920288,1.3053690195083618,3975355
2020-10-12 00:00:00+00:00,1.3053749799728394,1.3588930368423462,1.271162986755371,1.3476279973983765,4158691
2020-10-13 00:00:00+00:00,1.3469840288162231,1.3488889932632446,1.2730129957199097,1.285061001777649,3797662
2020-10-14 00:00:00+00:00,1.2850919961929321,1.3334460258483887,1.238250970840454,1.307023048400879,3756113
2020-10-15 00:00:00+00:00,1.3039549589157104,1.3220230340957642,1.272779941558838,1.2740789651870728,3291131
2020-10-16 00:00:00+00:00,1.2740789651870728,1.3304660320281982,1.2601250410079956,1.280318021774292,3306106
2020-10-17 00:00:00+00:00,1.2803200483322144,1.284608006477356,1.2406669855117798,1.2584470510482788,3134916
2020-10-18 00:00:00+00:00,1.259544014930725,1.2825440168380737,1.2113419771194458,1.2287659645080566,3189250
2020-10-19 00:00:00+00:00,1.2296769618988037,1.2299059629440308,1.1977289915084839,1.218319058418274,3484615
2020-10-20 00:00:00+00:00,1.2165230512619019,1.2209579944610596,1.111251950263977,1.1765049695968628,4910128
2020-10-21 00:00:00+00:00,1.17535400390625,1.1902110576629639,1.0424350500106812,1.1901190280914307,8319843
2020-10-22 00:00:00+00:00,1.189411997795105,1.3382209539413452,1.1764479875564575,1.3079149723052979,4818574
2020-10-23 00:00:00+00:00,1.3155059814453125,1.330098032951355,1.2793430089950562,1.3139610290527344,2803382
2020-10-24 00:00:00+00:00,1.3139610290527344,1.3384610414505005,1.2997570037841797,1.3036530017852783,2275856
2020-10-25 00:00:00+00:00,1.3036530017852783,1.346722960472107,1.293573021888733,1.3398029804229736,3303230
2020-10-26 00:00:00+00:00,1.3398040533065796,1.3398040533065796,1.2366739511489868,1.2770689725875854,3809776
2020-10-27 00:00:00+00:00,1.277066946029663,1.3246469497680664,1.2763880491256714,1.323943018913269,2989619
2020-10-28 00:00:00+00:00,1.3239450454711914,1.3422050476074219,1.2102400064468384,1.2838560342788696,4514416
2020-10-29 00:00:00+00:00,1.2838560342788696,1.3164479732513428,1.2640360593795776,1.3060050010681152,2681591
2020-10-30 00:00:00+00:00,1.3060059547424316,1.3638579845428467,1.2927650213241577,1.3571189641952515,3312047
2020-10-31 00:00:00+00:00,1.3571189641952515,1.4172279834747314,1.3473550081253052,1.4138760566711426,2787299
2020-11-01 00:00:00+00:00,1.4138760566711426,1.4209669828414917,1.3742409944534302,1.413720965385437,2927828
2020-11-02 00:00:00+00:00,1.4137229919433594,1.4265309572219849,1.375588059425354,1.406546950340271,3266484
2020-11-03 00:00:00+00:00,1.406546950340271,1.410884976387024,1.3597220182418823,1.408666968345642,4120058
2020-11-04 00:00:00+00:00,1.408666968345642,1.621806025505066,1.398969054222107,1.61873197555542,4900768
2020-11-05 00:00:00+00:00,1.6187289953231812,1.7689690589904785,1.5791269540786743,1.760733962059021,5580431
2020-11-06 00:00:00+00:00,1.7607159614562988,1.8981349468231201,1.5805590152740479,1.8392690420150757,14812403
2020-11-07 00:00:00+00:00,1.839413046836853,1.9267619848251343,1.7846479415893555,1.7943110466003418,3693053
2020-11-08 00:00:00+00:00,1.7950350046157837,1.938315987586975,1.6899479627609253,1.9313019514083862,4124602
2020-11-09 00:00:00+00:00,1.9313629865646362,1.9612319469451904,1.8408349752426147,1.8486160039901733,4671802
2020-11-10 00:00:00+00:00,1.8485640287399292,1.9235329627990723,1.8413159847259521,1.9107120037078857,2945526
2020-11-11 00:00:00+00:00,1.9104640483856201,1.9764820337295532,1.9086990356445312,1.944517970085144,3328144
2020-11-12 00:00:00+00:00,1.9447189569473267,1.9448020458221436,1.8242369890213013,1.8916139602661133,6186773
2020-11-13 00:00:00+00:00,1.891211986541748,2.0094709396362305,1.806198000907898,2.0031189918518066,7366691
2020-11-14 00:00:00+00:00,2.003709077835083,2.0055010318756104,1.8740479946136475,1.9352890253067017,5932602
2020-11-15 00:00:00+00:00,1.9351719617843628,1.9595890045166016,1.820870041847229,1.9357390403747559,6405320
2020-11-16 00:00:00+00:00,1.9355679750442505,1.9425339698791504,1.7902189493179321,1.8990399837493896,9396542
2020-11-17 00:00:00+00:00,1.9049400091171265,2.0660901069641113,1.8272579908370972,2.0296530723571777,13409688
2020-11-18 00:00:00+00:00,2.028475046157837,2.0656960010528564,1.9711309671401978,2.0598270893096924,11764110
2020-11-19 00:00:00+00:00,2.0596890449523926,2.076948881149292,1.9161759614944458,2.050457000732422,6915435
2020-11-20 00:00:00+00:00,2.0504419803619385,2.293381929397583,2.041973114013672,2.287182092666626,6839185
2020-11-21 00:00:00+00:00,2.287087917327881,2.344571113586426,2.173460006713867,2.312088966369629,8459971
2020-11-22 00:00:00+00:00,2.312096118927002,2.506877899169922,2.2410240173339844,2.4310719966888428,7363582
2020-11-23 00:00:00+00:00,2.430936098098755,2.5974020957946777,2.410388946533203,2.564750909805298,8387459
2020-11-24 00:00:00+00:00,2.56597900390625,2.5666260719299316,2.422189950942993,2.438946008682251,7872961
2020-11-25 00:00:00+00:00,2.4389779567718506,2.4586598873138428,2.114193916320801,2.27872896194458,10750023
2020-11-26 00:00:00+00:00,2.2782928943634033,2.3078160285949707,1.9348609447479248,2.093424081802368,6602317
2020-11-27 00:00:00+00:00,2.094470977783203,2.401103973388672,2.094470977783203,2.393289089202881,5193552
2020-11-28 00:00:00+00:00,2.3934760093688965,2.413045883178711,1.7838350534439087,2.3687539100646973,19106389
2020-11-29 00:00:00+00:00,2.368649959564209,2.486860990524292,2.3273940086364746,2.4814820289611816,3384215
2020-11-30 00:00:00+00:00,2.481419086456299,2.5117380619049072,2.3982110023498535,2.4769179821014404,5833227
2020-12-01 00:00:00+00:00,2.4765899181365967,2.5213470458984375,2.335848093032837,2.4302680492401123,4936192
2020-12-02 00:00:00+00:00,2.4300150871276855,2.462104082107544,2.3732640743255615,2.448230028152466,4766114
2020-12-03 00:00:00+00:00,2.4480679035186768,2.480402946472168,2.3647749423980713,2.4573280811309814,4663525
2020-12-04 00:00:00+00:00,2.4573569297790527,2.467495918273926,2.285968065261841,2.3085598945617676,4897059
2020-12-05 00:00:00+00:00,2.306356906890869,2.361253023147583,2.2668778896331787,2.3411099910736084,3044652
2020-12-06 00:00:00+00:00,2.341506004333496,2.3908770084381104,2.291520118713379,2.3542349338531494,2621993
2020-12-07 00:00:00+00:00,2.354675054550171,2.394824981689453,2.2671310901641846,2.3368399143218994,4671443
2020-12-08 00:00:00+00:00,2.3366270065307617,2.3377370834350586,2.204746961593628,2.267798900604248,5218802
2020-12-09 00:00:00+00:00,2.2678210735321045,2.356318950653076,2.2473909854888916,2.2995810508728027,7632145
2020-12-10 00:00:00+00:00,2.2996459007263184,2.299812078475952,2.166343927383423,2.2158091068267822,9784842
2020-12-11 00:00:00+00:00,2.2158069610595703,2.2307240962982178,2.1405980587005615,2.1956229209899902,5569190
2020-12-12 00:00:00+00:00,2.197658061981201,2.3603169918060303,2.1555490493774414,2.312462091445923,5003142
2020-12-13 00:00:00+00:00,2.3122150897979736,2.3826680183410645,2.2448089122772217,2.3023788928985596,5483912
2020-12-14 00:00:00+00:00,2.3024840354919434,2.3534789085388184,2.265460968017578,2.3055920600891113,5237236
2020-12-15 00:00:00+00:00,2.3055739402770996,2.3348710536956787,2.235646963119507,2.25946307182312,3574442
2020-12-16 00:00:00+00:00,2.2593600749969482,2.542768955230713,2.2386770248413086,2.542768955230713,9939338
2020-12-17 00:00:00+00:00,2.5427629947662354,2.740473985671997,2.540349006652832,2.6921370029449463,9966514
2020-12-18 00:00:00+00:00,2.691641092300415,2.846877098083496,2.653502941131592,2.8093180656433105,7683415
2020-12-19 00:00:00+00:00,2.809591054916382,2.9636170864105225,2.809591054916382,2.950587034225464,6584519
2020-12-20 00:00:00+00:00,2.9506280422210693,2.9648549556732178,2.849613904953003,2.9223148822784424,4387527
2020-12-21 00:00:00+00:00,2.921015977859497,2.9501841068267822,2.7070000171661377,2.8290390968322754,5457501
2020-12-22 00:00:00+00:00,2.8266170024871826,3.0454258918762207,2.778110980987549,3.0452499389648438,6276884
2020-12-23 00:00:00+00:00,3.044569969177246,3.2796781063079834,2.985063076019287,3.138784885406494,9282931
2020-12-24 00:00:00+00:00,3.1367180347442627,3.8573269844055176,3.0842111110687256,3.7902910709381104,9087407
2020-12-25 00:00:00+00:00,3.7897140979766846,3.812570095062256,3.560091018676758,3.808152914047241,7298106
2020-12-26 00:00:00+00:00,3.809040069580078,3.8736329078674316,3.5379109382629395,3.817589044570923,9856344
2020-12-27 00:00:00+00:00,3.817795991897583,4.313672065734863,3.814980983734131,4.256474018096924,10599916
2020-12-28 00:00:00+00:00,4.272386074066162,4.719066143035889,4.215971946716309,4.677012920379639,15894387
2020-12-29 00:00:00+00:00,4.67616081237793,5.46922492980957,4.6515069007873535,5.460677146911621,21033026
2020-12-30 00:00:00+00:00,5.471978187561035,5.8444108963012695,5.398441791534424,5.58103609085083,29535357
2020-12-31 00:00:00+00:00,5.580891132354736,5.741951942443848,5.268771171569824,5.457485198974609,19828503
2021-01-01 00:00:00+00:00,5.457282066345215,5.630917072296143,5.3434739112854,5.468732833862305,11705056
2021-01-02 00:00:00+00:00,5.46910285949707,6.138847827911377,5.417565822601318,5.999201774597168,18752209
2021-01-03 00:00:00+00:00,6.0070390701293945,6.791261196136475,5.924290180206299,6.489635944366455,30908871
2021-01-04 00:00:00+00:00,6.492203235626221,6.802466869354248,5.833457946777344,5.996420860290527,22323042
2021-01-05 00:00:00+00:00,5.979597091674805,6.179626941680908,5.6347808837890625,6.060762882232666,18803408
2021-01-06 00:00:00+00:00,6.058195114135742,6.170632839202881,5.861414909362793,6.0166168212890625,15974276
2021-01-07 00:00:00+00:00,6.017230033874512,6.07038688659668,5.6552839279174805,5.684332847595215,17146177
2021-01-08 00:00:00+00:00,5.686956882476807,5.706515789031982,5.337462902069092,5.5201802253723145,24188162
2021-01-09 00:00:00+00:00,5.518970966339111,5.587623119354248,5.2737650871276855,5.387420177459717,15164225
2021-01-10 00:00:00+00:00,5.38718318939209,5.557797908782959,4.792125225067139,5.454348087310791,24895082
2021-01-11 00:00:00+00:00,5.453454971313477,5.457413196563721,4.441647052764893,4.873931884765625,24714958
2021-01-12 00:00:00+00:00,4.876320838928223,4.997547149658203,4.6038031578063965,4.726387023925781,9334871
2021-01-13 00:00:00+00:00,4.7281060218811035,4.999783992767334,4.593264102935791,4.999279022216797,9263543
2021-01-14 00:00:00+00:00,4.999349117279053,5.377514839172363,4.864048004150391,5.266801834106445,10049322
2021-01-15 00:00:00+00:00,5.264617919921875,5.31144905090332,4.734251022338867,4.7577338218688965,11535502
2021-01-16 00:00:00+00:00,4.759383201599121,5.126848220825195,4.749039173126221,4.963728904724121,12247818
2021-01-17 00:00:00+00:00,4.962368965148926,5.010079860687256,4.4532670974731445,4.725205898284912,18493598
2021-01-18 00:00:00+00:00,4.725331783294678,4.797573089599609,4.499083995819092,4.789504051208496,15925710
2021-01-19 00:00:00+00:00,4.788942813873291,4.848359107971191,4.52054500579834,4.692279815673828,16872734
2021-01-20 00:00:00+00:00,4.689169883728027,4.729198932647705,4.444524765014648,4.617034912109375,15424738
2021-01-21 00:00:00+00:00,4.61643123626709,4.61643123626709,3.8366260528564453,4.040132999420166,13331649
2021-01-22 00:00:00+00:00,4.0421671867370605,5.012478828430176,3.8742198944091797,4.933080196380615,23556854
2021-01-23 00:00:00+00:00,4.935689926147461,4.951995849609375,4.759636878967285,4.822719097137451,10287504
2021-01-24 00:00:00+00:00,4.818233013153076,5.298736095428467,4.74553918838501,5.296579837799072,13501810
2021-01-25 00:00:00+00:00,5.295324802398682,5.405091762542725,4.8927459716796875,4.995236873626709,11615793
2021-01-26 00:00:00+00:00,4.996456146240234,5.129938125610352,4.687941074371338,5.036349773406982,11634972
2021-01-27 00:00:00+00:00,5.037753105163574,5.05209493637085,4.687495231628418,4.829967021942139,10838966
2021-01-28 00:00:00+00:00,4.830896854400635,4.995622158050537,4.66884183883667,4.9598917961120605,9611896
2021-01-29 00:00:00+00:00,5.052854061126709,5.181307792663574,4.8185200691223145,5.066249847412109,15202737
2021-01-30 00:00:00+00:00,5.068141937255859,5.095516204833984,4.778909206390381,4.8109588623046875,7420657
2021-01-31 00:00:00+00:00,4.809957027435303,4.822583198547363,4.656184196472168,4.788843154907227,5316174
2021-02-01 00:00:00+00:00,4.786645889282227,4.821409225463867,4.661503791809082,4.755448818206787,5806169
2021-02-02 00:00:00+00:00,4.755678176879883,4.93164587020874,4.751136779785156,4.891960144042969,9503506
2021-02-03 00:00:00+00:00,4.891129016876221,5.020810127258301,4.8726019859313965,5.003098011016846,9394631
2021-02-04 00:00:00+00:00,5.001057147979736,5.054597854614258,4.741275787353516,4.923443794250488,11479586
2021-02-05 00:00:00+00:00,4.923422813415527,5.0509419441223145,4.9048871994018555,5.0085248947143555,7628942
2021-02-06 00:00:00+00:00,5.009034156799316,5.124825954437256,4.973427772521973,5.0387678146362305,9304923
2021-02-07 00:00:00+00:00,5.03849983215332,5.05940580368042,4.82401180267334,5.018317222595215,5749303
2021-02-08 00:00:00+00:00,5.017552852630615,5.287538051605225,4.945068836212158,5.111476898193359,11372255
2021-02-09 00:00:00+00:00,5.1114068031311035,5.745580196380615,5.063918113708496,5.668723106384277,14905913
2021-02-10 00:00:00+00:00,5.668832778930664,6.140978813171387,5.596455097198486,6.012497901916504,18835904
2021-02-11 00:00:00+00:00,6.014560222625732,6.129016876220703,5.588985919952393,5.757559776306152,16108214
2021-02-12 00:00:00+00:00,5.7618207931518555,5.997591018676758,5.554541110992432,5.68203592300415,12847025
2021-02-13 00:00:00+00:00,5.681116104125977,5.958151817321777,5.5775980949401855,5.73146915435791,13135566
2021-02-14 00:00:00+00:00,5.733301162719727,5.881597995758057,5.6453938484191895,5.707934856414795,8465706
2021-02-15 00:00:00+00:00,5.7072858810424805,5.751326084136963,5.357720851898193,5.508856773376465,7719239
2021-02-16 00:00:00+00:00,5.5089569091796875,5.540487766265869,5.337276935577393,5.380300998687744,8260800
2021-02-17 00:00:00+00:00,5.3802900314331055,5.810022830963135,5.376458168029785,5.74967622756958,13626836
2021-02-18 00:00:00+00:00,5.749712944030762,5.781742095947266,5.58540678024292,5.697636127471924,10366185
2021-02-19 00:00:00+00:00,5.696784019470215,5.7976298332214355,5.383264064788818,5.763617038726807,11366824
2021-02-20 00:00:00+00:00,5.763658046722412,5.787067890167236,5.508554935455322,5.578581809997559,13646544
2021-02-21 00:00:00+00:00,5.5798540115356445,5.600424766540527,5.425839900970459,5.4751057624816895,6510757
2021-02-22 00:00:00+00:00,5.474687099456787,5.573502063751221,4.7808051109313965,5.432325839996338,14478717
2021-02-23 00:00:00+00:00,5.434368133544922,5.550901889801025,4.79885196685791,5.116552829742432,17056742
2021-02-24 00:00:00+00:00,5.117525100708008,5.423840045928955,4.91296911239624,5.127626895904541,9750227
2021-02-25 00:00:00+00:00,5.130824089050293,5.231698036193848,4.840768814086914,4.875039100646973,5765755
2021-02-26 00:00:00+00:00,4.8640570640563965,5.014358043670654,4.711144924163818,4.785792827606201,8786979
2021-02-27 00:00:00+00:00,4.789320945739746,4.885929107666016,4.5313310623168945,4.625668048858643,7554263
2021-02-28 00:00:00+00:00,4.622470855712891,5.018014907836914,4.241570949554443,4.67317008972168,11283694
2021-03-01 00:00:00+00:00,4.673973083496094,4.986029148101807,4.611694812774658,4.850426197052002,5520682
2021-03-02 00:00:00+00:00,4.850712776184082,4.9113569259643555,4.5049262046813965,4.513512134552002,5514754
2021-03-03 00:00:00+00:00,4.513926029205322,4.892098903656006,4.502004146575928,4.673656940460205,6556807
2021-03-04 00:00:00+00:00,4.671019077301025,4.762940883636475,4.464861869812012,4.529058933258057,5213386
2021-03-05 00:00:00+00:00,4.529457092285156,4.654910087585449,4.434225082397461,4.583059787750244,6321898
2021-03-06 00:00:00+00:00,4.582513809204102,4.709612846374512,4.491022109985352,4.618329048156738,6434801
2021-03-07 00:00:00+00:00,4.615987777709961,5.060011863708496,4.52414608001709,5.032985210418701,5659095
2021-03-08 00:00:00+00:00,5.033082962036133,5.634987831115723,4.930095195770264,5.634987831115723,13085990
2021-03-09 00:00:00+00:00,5.6364898681640625,5.719539165496826,5.293388843536377,5.580533027648926,9524553
2021-03-10 00:00:00+00:00,5.582214832305908,5.588676929473877,5.185408115386963,5.390003204345703,6410397
2021-03-11 00:00:00+00:00,5.390354156494141,5.517848968505859,5.127644062042236,5.5040388107299805,6783111
2021-03-12 00:00:00+00:00,5.504065036773682,5.738190174102783,5.234410762786865,5.546703815460205,8369742
2021-03-13 00:00:00+00:00,5.628486156463623,5.764005184173584,5.1383891105651855,5.269461154937744,10895408
2021-03-14 00:00:00+00:00,5.26950216293335,5.26950216293335,4.957614898681641,5.013513088226318,7831833
2021-03-15 00:00:00+00:00,5.011642932891846,5.126805782318115,4.671473026275635,4.802910804748535,8691821
2021-03-16 00:00:00+00:00,4.800624847412109,4.951035976409912,4.566051006317139,4.915163040161133,6645347
2021-03-17 00:00:00+00:00,4.914344787597656,5.171720027923584,4.756784915924072,5.0456061363220215,6305331
2021-03-18 00:00:00+00:00,5.04685115814209,5.232050895690918,4.997465133666992,5.057363033294678,4994420
2021-03-19 00:00:00+00:00,5.057373046875,5.273111820220947,4.8631591796875,5.270709037780762,7077151
2021-03-20 00:00:00+00:00,5.271735191345215,5.34876012802124,4.997171878814697,5.0148420333862305,4818442
2021-03-21 00:00:00+00:00,5.0087809562683105,5.0481438636779785,4.917757987976074,4.968131065368652,3846037
2021-03-22 00:00:00+00:00,4.973751068115234,5.094790935516357,4.770650863647461,4.870306015014648,11358626
2021-03-23 00:00:00+00:00,4.8701090812683105,5.0335469245910645,4.844380855560303,4.950873851776123,5297558
2021-03-24 00:00:00+00:00,4.950827121734619,5.068172931671143,4.672313213348389,4.764016151428223,6408060
2021-03-25 00:00:00+00:00,4.7616071701049805,4.886355876922607,4.448483943939209,4.839323043823242,10836709
2021-03-26 00:00:00+00:00,4.837217807769775,4.987966060638428,4.796954154968262,4.87781286239624,6557313
2021-03-27 00:00:00+00:00,4.876658916473389,4.982138156890869,4.740678787231445,4.896681785583496,7933886
2021-03-28 00:00:00+00:00,4.896340847015381,4.898603916168213,4.738777160644531,4.774542808532715,4653402
2021-03-29 00:00:00+00:00,4.774592876434326,5.0446600914001465,4.693106174468994,4.829689979553223,8283257
2021-03-30 00:00:00+00:00,4.83127498626709,4.935776233673096,4.784451961517334,4.8008551597595215,4615062
2021-03-31 00:00:00+00:00,4.800384044647217,4.8617329597473145,4.591056823730469,4.821744918823242,8302399
2021-04-01 00:00:00+00:00,4.816926002502441,4.913475036621094,4.725686073303223,4.753387928009033,6086712
2021-04-02 00:00:00+00:00,4.763020992279053,5.017422199249268,4.713619232177734,5.001033782958984,7203864
2021-04-03 00:00:00+00:00,5.004353046417236,5.503864765167236,4.999564170837402,5.471645832061768,13740490
2021-04-04 00:00:00+00:00,5.465919017791748,6.032942771911621,5.374091148376465,5.997982025146484,15263052
2021-04-05 00:00:00+00:00,5.996048927307129,6.20405912399292,5.855346202850342,6.18842077255249,11578749
2021-04-06 00:00:00+00:00,6.190944194793701,6.718286037445068,6.188566207885742,6.700531005859375,12111799
2021-04-07 00:00:00+00:00,6.700517177581787,7.629947185516357,6.699925899505615,7.490713119506836,21768891
2021-04-08 00:00:00+00:00,7.476582050323486,7.77911376953125,7.017550945281982,7.730544090270996,15673318
2021-04-09 00:00:00+00:00,7.730183124542236,7.950568199157715,7.475403785705566,7.54231595993042,15094380
2021-04-10 00:00:00+00:00,7.543158054351807,7.563443183898926,6.893637180328369,7.236548900604248,11990558
2021-04-11 00:00:00+00:00,7.236656188964844,7.489309787750244,7.049857139587402,7.0751729011535645,7083567
2021-04-12 00:00:00+00:00,7.074643135070801,7.2133941650390625,7.040003776550293,7.06697416305542,8650227
2021-04-13 00:00:00+00:00,7.066417217254639,7.450657844543457,7.021603107452393,7.075282096862793,14559880
2021-04-14 00:00:00+00:00,7.077785015106201,7.433203220367432,6.71568489074707,6.864589214324951,17747218
2021-04-15 00:00:00+00:00,6.865746974945068,7.09908390045166,6.744181156158447,6.992708206176758,12512687
2021-04-16 00:00:00+00:00,6.991851806640625,7.030646800994873,6.490265846252441,6.624577045440674,17226389
2021-04-17 00:00:00+00:00,6.623219966888428,6.970468997955322,6.550397872924805,6.5549139976501465,14178295
2021-04-18 00:00:00+00:00,6.551713943481445,6.641592025756836,6.125762939453125,6.356687068939209,17957880
2021-04-19 00:00:00+00:00,6.35722017288208,6.465673923492432,6.019679069519043,6.110928058624268,8035027
2021-04-20 00:00:00+00:00,6.111426830291748,6.269934177398682,5.831967830657959,6.228055953979492,9275336
2021-04-21 00:00:00+00:00,6.233591079711914,6.3282151222229,5.958896160125732,6.170063018798828,7674464
2021-04-22 00:00:00+00:00,6.173252105712891,6.3789520263671875,5.649396896362305,5.915217876434326,12265904
2021-04-23 00:00:00+00:00,5.911503791809082,6.815810203552246,5.460752010345459,6.815810203552246,30292709
2021-04-24 00:00:00+00:00,6.815133094787598,6.840054035186768,6.028952121734619,6.225894927978516,12195755
2021-04-25 00:00:00+00:00,6.222970962524414,6.222970962524414,5.522560119628906,5.797287940979004,9610832
2021-04-26 00:00:00+00:00,5.7994771003723145,6.308705806732178,5.7994771003723145,6.227962970733643,9353383
2021-04-27 00:00:00+00:00,6.227013111114502,6.274930953979492,6.0276780128479,6.2441630363464355,9278650
2021-04-28 00:00:00+00:00,6.245305061340332,6.333094120025635,5.92087984085083,6.055179119110107,7351641
2021-04-29 00:00:00+00:00,6.0561418533325195,6.077694892883301,5.6649651527404785,5.7290849685668945,7709351
2021-04-30 00:00:00+00:00,5.727480888366699,5.909140110015869,5.682958126068115,5.9076738357543945,6574906
2021-05-01 00:00:00+00:00,5.906908988952637,6.3270158767700195,5.906908988952637,6.273275852203369,9663050
2021-05-02 00:00:00+00:00,6.273416996002197,6.465392112731934,5.9277801513671875,6.113899230957031,6665971
2021-05-03 00:00:00+00:00,6.152160167694092,6.620080947875977,6.091940879821777,6.416039943695068,13102147
2021-05-04 00:00:00+00:00,6.419061183929443,6.452550888061523,5.949513912200928,5.985514163970947,9218283
2021-05-05 00:00:00+00:00,5.988138198852539,6.442261219024658,5.706353187561035,6.423242092132568,21198898
2021-05-06 00:00:00+00:00,6.4140400886535645,6.519041061401367,6.167087078094482,6.409749984741211,9758303
2021-05-07 00:00:00+00:00,6.409038066864014,6.744250774383545,6.197854042053223,6.73646879196167,7483070
2021-05-08 00:00:00+00:00,6.7375969886779785,7.192938804626465,6.529298782348633,7.16379976272583,7435829
2021-05-09 00:00:00+00:00,7.1679911613464355,7.282322883605957,6.910859107971191,7.279342174530029,6757835
2021-05-10 00:00:00+00:00,7.278715133666992,7.593321800231934,6.862451076507568,7.117794990539551,8737195
2021-05-11 00:00:00+00:00,7.121517181396484,7.205319881439209,6.8729681968688965,7.162456035614014,5545783
2021-05-12 00:00:00+00:00,7.162250995635986,7.358719825744629,6.869361877441406,7.009047031402588,10026279
2021-05-13 00:00:00+00:00,6.949432849884033,7.313257217407227,6.718410968780518,6.862198829650879,17085729
2021-05-14 00:00:00+00:00,6.8627448081970215,7.462102890014648,6.85604190826416,7.30146598815918,8722501
2021-05-15 00:00:00+00:00,7.302937984466553,7.322843074798584,6.875288009643555,6.875288009643555,16436846
2021-05-16 00:00:00+00:00,6.871532917022705,7.066359043121338,6.326474189758301,6.937835216522217,12048302
2021-05-17 00:00:00+00:00,6.9401679039001465,7.113125801086426,6.3508710861206055,6.883220195770264,24250824
2021-05-18 00:00:00+00:00,6.887514114379883,7.250935077667236,6.694674015045166,6.961993217468262,19287734
2021-05-19 00:00:00+00:00,6.95696496963501,7.058304786682129,5.455659866333008,6.201074123382568,43989036
2021-05-20 00:00:00+00:00,6.170827865600586,6.947679042816162,5.5040411949157715,6.685922145843506,31736420
2021-05-21 00:00:00+00:00,6.68405294418335,7.106679916381836,5.737277984619141,6.32062292098999,40847592
2021-05-22 00:00:00+00:00,6.306780815124512,6.840301036834717,6.103669166564941,6.5854668617248535,29894896
2021-05-23 00:00:00+00:00,6.583380222320557,6.70681619644165,5.72787618637085,6.26106595993042,43774620
2021-05-24 00:00:00+00:00,6.263004779815674,6.954301834106445,6.155550956726074,6.840248107910156,36337230
2021-05-25 00:00:00+00:00,6.845873832702637,7.005935192108154,6.500482082366943,6.871140003204346,22919484
2021-05-26 00:00:00+00:00,6.875846862792969,7.195230007171631,6.731753826141357,6.833768844604492,18215541
2021-05-27 00:00:00+00:00,6.834500789642334,7.037447929382324,6.596516132354736,6.6870951652526855,17425226
2021-05-28 00:00:00+00:00,6.688119888305664,7.032470226287842,6.514832973480225,6.882532119750977,34080269
2021-05-29 00:00:00+00:00,6.879147052764893,7.1103081703186035,6.754501819610596,6.934528827667236,24656285
2021-05-30 00:00:00+00:00,6.935265064239502,7.291562080383301,6.804887771606445,7.177321910858154,23849849
2021-05-31 00:00:00+00:00,7.176461219787598,7.304484844207764,6.919429779052734,7.2391180992126465,24529636
2021-06-01 00:00:00+00:00,7.236816883087158,7.360714912414551,7.020957946777344,7.19865083694458,29789417
2021-06-02 00:00:00+00:00,7.203304767608643,7.507523059844971,7.05935001373291,7.500668048858643,13781990
2021-06-03 00:00:00+00:00,7.499916076660156,8.023285865783691,7.42118501663208,8.013615608215332,16553544
2021-06-04 00:00:00+00:00,8.014093399047852,8.0224027633667,7.502324104309082,7.734825134277344,21826570
2021-06-05 00:00:00+00:00,7.723598003387451,7.944243907928467,7.5024590492248535,7.765182971954346,13264574
2021-06-06 00:00:00+00:00,7.765092849731445,7.842120170593262,7.617484092712402,7.694086074829102,8940368
2021-06-07 00:00:00+00:00,7.694989204406738,7.785869121551514,7.4430251121521,7.4430251121521,16922981
2021-06-08 00:00:00+00:00,7.453110218048096,7.532076835632324,6.845263957977295,7.092107772827148,25069425
2021-06-09 00:00:00+00:00,7.091716766357422,7.26847505569458,6.833144187927246,7.22550106048584,18107248
2021-06-10 00:00:00+00:00,7.226449012756348,7.456521034240723,7.0181097984313965,7.228891849517822,15357478
2021-06-11 00:00:00+00:00,7.227841854095459,7.239559173583984,6.899397850036621,7.167243003845215,14918417
2021-06-12 00:00:00+00:00,7.175439834594727,7.186453819274902,6.73584508895874,6.941104888916016,13358835
2021-06-13 00:00:00+00:00,6.942474842071533,7.101203918457031,6.764894962310791,7.007327079772949,19193768
2021-06-14 00:00:00+00:00,7.007749080657959,7.171281814575195,6.740108966827393,7.111516952514648,18736424
2021-06-15 00:00:00+00:00,6.941288948059082,7.0128278732299805,6.7722649574279785,6.951993942260742,12458179
2021-06-16 00:00:00+00:00,6.783443927764893,6.828092098236084,6.612417221069336,6.634934902191162,10011817
2021-06-17 00:00:00+00:00,6.635347843170166,6.82191801071167,6.610777854919434,6.811147212982178,11992415
2021-06-18 00:00:00+00:00,6.812097072601318,6.812510967254639,6.160707950592041,6.369293212890625,26653041
2021-06-19 00:00:00+00:00,6.369996070861816,6.6226677894592285,6.150639057159424,6.182467937469482,14371715
2021-06-20 00:00:00+00:00,6.184908866882324,6.390291213989258,5.984800815582275,6.217596054077148,13995207
2021-06-21 00:00:00+00:00,6.21752405166626,6.21752405166626,5.223822116851807,5.4068708419799805,40361830
2021-06-22 00:00:00+00:00,5.40388298034668,5.747629165649414,4.9994730949401855,5.377185821533203,49628451
2021-06-23 00:00:00+00:00,5.377950191497803,5.821287155151367,5.2751898765563965,5.762756824493408,21523262
2021-06-24 00:00:00+00:00,5.731926918029785,5.938468933105469,5.560494899749756,5.711924076080322,12441732
2021-06-25 00:00:00+00:00,5.711507797241211,5.953877925872803,5.319035053253174,5.467978000640869,46180606
2021-06-26 00:00:00+00:00,5.467796802520752,5.619967937469482,4.828803062438965,4.939242839813232,32996596
2021-06-27 00:00:00+00:00,4.910414218902588,5.286219120025635,4.78317403793335,5.2446770668029785,26295894
2021-06-28 00:00:00+00:00,5.244936943054199,6.1451191902160645,5.207804203033447,5.957208156585693,31131936
2021-06-29 00:00:00+00:00,5.956600189208984,6.301469802856445,5.955290794372559,6.193231105804443,12321123
2021-06-30 00:00:00+00:00,6.191925048828125,6.354261875152588,5.993302822113037,6.331904888153076,9988023
2021-07-01 00:00:00+00:00,6.333001136779785,6.333001136779785,5.813234806060791,5.943161964416504,13344984
2021-07-02 00:00:00+00:00,5.94419002532959,6.2817230224609375,5.824988842010498,6.202617168426514,19030847
2021-07-03 00:00:00+00:00,6.201005935668945,6.862934112548828,5.957900047302246,6.79158878326416,25251289
2021-07-04 00:00:00+00:00,6.790946960449219,7.058070182800293,6.753780841827393,6.920814037322998,8933675
2021-07-05 00:00:00+00:00,6.921350955963135,7.011730194091797,6.636851787567139,6.78497314453125,12232259
2021-07-06 00:00:00+00:00,6.777967929840088,6.996693134307861,6.777967929840088,6.850020885467529,6745583
2021-07-07 00:00:00+00:00,6.851981163024902,6.987542152404785,6.795350074768066,6.81001615524292,7116574
2021-07-08 00:00:00+00:00,6.8146209716796875,6.824182033538818,6.358888149261475,6.4495530128479,16747075
2021-07-09 00:00:00+00:00,6.449857234954834,6.576459884643555,6.2257819175720215,6.44149112701416,16227739
2021-07-10 00:00:00+00:00,6.43992805480957,6.484615802764893,6.10545015335083,6.207302093505859,10939756
2021-07-11 00:00:00+00:00,6.208710193634033,6.23367977142334,6.050278186798096,6.203115940093994,7161190
2021-07-12 00:00:00+00:00,6.202661991119385,6.22468376159668,5.820405960083008,5.964050769805908,9488445
2021-07-13 00:00:00+00:00,5.964000225067139,6.047706127166748,5.8336591720581055,5.920878887176514,14991090
2021-07-14 00:00:00+00:00,5.918323993682861,5.944003105163574,5.164333820343018,5.625456809997559,35407390
2021-07-15 00:00:00+00:00,5.625700950622559,5.725557804107666,5.338016986846924,5.453384876251221,16582432
2021-07-16 00:00:00+00:00,5.455347061157227,5.512732028961182,4.9079179763793945,5.281289100646973,17652146
2021-07-17 00:00:00+00:00,5.280831813812256,5.449367046356201,4.910229206085205,5.388856887817383,20030583
2021-07-18 00:00:00+00:00,5.4046478271484375,5.622862815856934,5.274151802062988,5.309757232666016,6263464
2021-07-19 00:00:00+00:00,5.309169769287109,5.310886859893799,4.562910079956055,4.919277191162109,24680350
2021-07-20 00:00:00+00:00,4.9220290184021,5.003382205963135,4.551577091217041,4.833862781524658,25071904
2021-07-21 00:00:00+00:00,4.8339738845825195,5.347981929779053,4.634657859802246,5.263481140136719,15314449
2021-07-22 00:00:00+00:00,5.265174865722656,5.342955112457275,5.138672828674316,5.288759231567383,7284486
2021-07-23 00:00:00+00:00,5.288124084472656,5.941286087036133,4.728196144104004,5.930790901184082,43292835
2021-07-24 00:00:00+00:00,5.931324005126953,6.006408214569092,5.877792835235596,5.922726154327393,9419089
2021-07-25 00:00:00+00:00,5.9254350662231445,5.985895156860352,5.795415878295898,5.849667072296143,5619972
2021-07-26 00:00:00+00:00,5.848738193511963,6.4507551193237305,5.839808940887451,6.017920970916748,14781492
2021-07-27 00:00:00+00:00,6.014973163604736,6.014973163604736,5.599271774291992,5.94569206237793,13354554
2021-07-28 00:00:00+00:00,5.946389198303223,6.120541095733643,5.808600902557373,5.9538068771362305,10320376
2021-07-29 00:00:00+00:00,5.953298091888428,6.097785949707031,5.754693031311035,5.972962856292725,11967485
2021-07-30 00:00:00+00:00,5.974621772766113,6.273522853851318,5.6774492263793945,6.267168045043945,17213948
2021-07-31 00:00:00+00:00,6.271091938018799,6.271091938018799,6.126064777374268,6.243934154510498,8211368
2021-08-01 00:00:00+00:00,6.243044853210449,6.262042999267578,6.073048114776611,6.110260009765625,9235118
2021-08-02 00:00:00+00:00,6.104947090148926,6.227656841278076,5.9280009269714355,5.979165077209473,8897479
2021-08-03 00:00:00+00:00,5.979946136474609,6.003164768218994,5.593506813049316,5.746362209320068,9789081
2021-08-04 00:00:00+00:00,5.746790885925293,6.003551959991455,5.708704948425293,5.941825866699219,6472351
2021-08-05 00:00:00+00:00,5.939957141876221,6.18309211730957,5.665946960449219,6.152788162231445,11490459
2021-08-06 00:00:00+00:00,6.151456832885742,6.256079196929932,5.898911952972412,6.210041046142578,15494330
2021-08-07 00:00:00+00:00,6.205276966094971,6.626025199890137,6.196798801422119,6.606167793273926,14120702
2021-08-08 00:00:00+00:00,6.60044002532959,6.6875410079956055,6.199911117553711,6.315939903259277,15456842
2021-08-09 00:00:00+00:00,6.31673002243042,6.573160171508789,6.1722540855407715,6.489011764526367,10512062
2021-08-10 00:00:00+00:00,6.496097087860107,6.54331111907959,6.333481788635254,6.434615135192871,7099072
2021-08-11 00:00:00+00:00,6.435850143432617,6.559457778930664,6.41072416305542,6.452884197235107,9761184
2021-08-12 00:00:00+00:00,6.452112197875977,6.5203328132629395,6.088266849517822,6.1969990730285645,9709639
2021-08-13 00:00:00+00:00,6.198805809020996,6.403560161590576,6.0368828773498535,6.270298004150391,14296986
2021-08-14 00:00:00+00:00,6.270294189453125,6.275224208831787,6.085042953491211,6.18627405166626,6303184
2021-08-15 00:00:00+00:00,6.185871124267578,6.264350891113281,5.993719100952148,6.262359142303467,6984892
2021-08-16 00:00:00+00:00,6.262538909912109,6.442042827606201,6.030991077423096,6.214789867401123,20041890
2021-08-17 00:00:00+00:00,6.214626789093018,6.453841209411621,6.11573600769043,6.220740795135498,15441824
2021-08-18 00:00:00+00:00,6.221038818359375,6.275059223175049,5.743982791900635,6.051858901977539,24069680
2021-08-19 00:00:00+00:00,6.042870998382568,6.258772850036621,5.858798980712891,6.179386138916016,13593565
2021-08-20 00:00:00+00:00,6.180121898651123,6.253158092498779,5.734625816345215,6.101630210876465,16051829
2021-08-21 00:00:00+00:00,6.099293231964111,6.104780197143555,5.633443832397461,5.835687160491943,16017090
2021-08-22 00:00:00+00:00,5.833166122436523,6.296374797821045,5.634627819061279,6.1674909591674805,17992505
2021-08-23 00:00:00+00:00,6.157168865203857,6.173389911651611,5.763212203979492,5.912349224090576,16887033
2021-08-24 00:00:00+00:00,5.911890983581543,5.925236225128174,5.366525173187256,5.496082782745361,16653785
2021-08-25 00:00:00+00:00,5.492271900177002,5.727724075317383,5.490828990936279,5.676107883453369,7956038
2021-08-26 00:00:00+00:00,5.676057815551758,5.727095127105713,5.4990458488464355,5.5905890464782715,6630492
2021-08-27 00:00:00+00:00,5.588709831237793,5.93454122543335,5.514338970184326,5.864846229553223,5313671
2021-08-28 00:00:00+00:00,5.866648197174072,6.009236812591553,5.836480140686035,5.923342227935791,6685063
2021-08-29 00:00:00+00:00,5.923587799072266,5.967551231384277,5.662086009979248,5.662086009979248,7384467
2021-08-30 00:00:00+00:00,5.661653995513916,5.686916828155518,5.465210914611816,5.601418972015381,5704490
2021-08-31 00:00:00+00:00,5.594531059265137,5.690548896789551,5.485835075378418,5.5035600662231445,9846426
2021-09-01 00:00:00+00:00,5.502655029296875,5.742424011230469,5.489625930786133,5.716176986694336,8578096
2021-09-02 00:00:00+00:00,5.710809230804443,6.009728908538818,5.507523059844971,5.840005874633789,13722043
2021-09-03 00:00:00+00:00,5.840048789978027,6.485298156738281,5.821803092956543,6.401453971862793,18755079
2021-09-04 00:00:00+00:00,6.401994228363037,6.4840898513793945,6.330319881439209,6.365268230438232,8159247
2021-09-05 00:00:00+00:00,6.366175174713135,6.4385600090026855,6.286170959472656,6.320868968963623,6596032
2021-09-06 00:00:00+00:00,6.319427967071533,6.333876132965088,6.172922134399414,6.243185997009277,8932357
2021-09-07 00:00:00+00:00,6.242013931274414,6.254330158233643,5.711322784423828,5.954230785369873,15419085
2021-09-08 00:00:00+00:00,5.955000877380371,6.087946891784668,5.792367935180664,5.847209930419922,15423882
2021-09-09 00:00:00+00:00,5.792956829071045,5.8972649574279785,5.745481014251709,5.822976112365723,10210815
2021-09-10 00:00:00+00:00,5.821677207946777,5.898009777069092,5.604602813720703,5.714166164398193,11993517
2021-09-11 00:00:00+00:00,5.712936878204346,5.7960381507873535,5.623027801513672,5.707705974578857,6902299
2021-09-12 00:00:00+00:00,5.7075090408325195,5.7161149978637695,5.524582862854004,5.622367858886719,9117557
2021-09-13 00:00:00+00:00,5.619808197021484,5.6242289543151855,5.256535053253174,5.33462381362915,13615958
2021-09-14 00:00:00+00:00,5.344145774841309,5.400506973266602,5.188370227813721,5.280529975891113,9894079
2021-09-15 00:00:00+00:00,5.282649040222168,5.320117950439453,5.145290851593018,5.279571056365967,8612420
2021-09-16 00:00:00+00:00,5.285680770874023,5.4856672286987305,5.187798023223877,5.471161842346191,12574101
2021-09-17 00:00:00+00:00,5.471206188201904,5.493195056915283,5.092642784118652,5.396018028259277,13296329
2021-09-18 00:00:00+00:00,5.397100925445557,5.590860843658447,5.344698905944824,5.471697807312012,14739831
2021-09-19 00:00:00+00:00,5.468495845794678,5.50681209564209,5.364223003387451,5.41057014465332,10089175
2021-09-20 00:00:00+00:00,5.409689903259277,5.41765022277832,5.063673973083496,5.094222068786621,15304291
2021-09-21 00:00:00+00:00,5.0912299156188965,5.223143100738525,4.954034805297852,5.019289970397949,11584264
2021-09-22 00:00:00+00:00,5.025860786437988,5.1801838874816895,4.981579780578613,5.138662815093994,8521523
2021-09-23 00:00:00+00:00,5.139150142669678,5.226652145385742,5.056876182556152,5.076991081237793,6964004
2021-09-24 00:00:00+00:00,5.076240062713623,5.09593391418457,4.944121837615967,5.020855903625488,20322448
2021-09-25 00:00:00+00:00,5.021625995635986,5.091239929199219,4.95942497253418,5.029487133026123,10242191
2021-09-26 00:00:00+00:00,5.028470039367676,5.138906002044678,4.911221027374268,5.065213203430176,9629352
2021-09-27 00:00:00+00:00,5.0641961097717285,5.149424076080322,4.992889881134033,5.022218227386475,5900307
2021-09-28 00:00:00+00:00,5.021228790283203,5.038168907165527,4.9655070304870605,4.977675914764404,10009274
2021-09-29 00:00:00+00:00,4.979898929595947,5.085371017456055,4.909791946411133,4.999389171600342,15433392
2021-09-30 00:00:00+00:00,5.000219821929932,5.090583801269531,4.992042064666748,5.047196865081787,5551555
2021-10-01 00:00:00+00:00,5.043613910675049,5.973803997039795,5.006519794464111,5.902213096618652,16164626
2021-10-02 00:00:00+00:00,5.90076208114624,5.946522235870361,5.73752498626709,5.772342205047607,7222318
2021-10-03 00:00:00+00:00,5.769981861114502,5.814842224121094,5.692832946777344,5.714718818664551,7025933
2021-10-04 00:00:00+00:00,5.714748859405518,5.72003698348999,5.572659969329834,5.592152118682861,8460444
2021-10-05 00:00:00+00:00,5.590590000152588,5.778133869171143,5.565686225891113,5.724536895751953,5515560
2021-10-06 00:00:00+00:00,5.723779201507568,5.944709777832031,5.556642055511475,5.877478122711182,13727724
2021-10-07 00:00:00+00:00,5.875157833099365,5.875157833099365,5.662347793579102,5.688085079193115,10254480
2021-10-08 00:00:00+00:00,5.686821937561035,5.860505104064941,5.645144939422607,5.680148124694824,12845564
2021-10-09 00:00:00+00:00,5.681045055389404,5.818859100341797,5.655025959014893,5.760647773742676,7810978
2021-10-10 00:00:00+00:00,5.761148929595947,5.851668834686279,5.607046127319336,5.619356155395508,9798152
2021-10-11 00:00:00+00:00,5.616258144378662,5.890835762023926,5.581799030303955,5.754526138305664,10981467
2021-10-12 00:00:00+00:00,5.756710052490234,5.932803153991699,5.628229141235352,5.634936809539795,14789288
2021-10-13 00:00:00+00:00,5.637070178985596,5.6918439865112305,5.554418087005615,5.684091091156006,7093255
2021-10-14 00:00:00+00:00,5.684637069702148,5.727365970611572,5.611162185668945,5.642480850219727,7685111
2021-10-15 00:00:00+00:00,5.641520023345947,5.867123126983643,5.571576118469238,5.814637184143066,13978710
2021-10-16 00:00:00+00:00,5.810385227203369,5.818988800048828,5.629467964172363,5.645956993103027,5789740
2021-10-17 00:00:00+00:00,5.644486904144287,5.685685157775879,5.446811199188232,5.6121320724487305,5158850
2021-10-18 00:00:00+00:00,5.610987186431885,5.655727863311768,5.23221492767334,5.40951681137085,30504571
2021-10-19 00:00:00+00:00,5.40346622467041,5.409603118896484,5.250079154968262,5.278911113739014,9053236
2021-10-20 00:00:00+00:00,5.278444766998291,5.420983791351318,5.21005392074585,5.301055908203125,13023511
2021-10-21 00:00:00+00:00,5.306186199188232,5.357598781585693,5.091307163238525,5.146971225738525,12011133
2021-10-22 00:00:00+00:00,5.1422438621521,5.206484794616699,4.9669270515441895,4.9898810386657715,7116797
2021-10-23 00:00:00+00:00,4.990220069885254,5.017350196838379,4.810196876525879,5.00252103805542,6574437
2021-10-24 00:00:00+00:00,5.002641201019287,5.120635986328125,4.907498836517334,5.120635986328125,8327259
2021-10-25 00:00:00+00:00,5.120067119598389,5.15513277053833,5.011074066162109,5.034864902496338,7887989
2021-10-26 00:00:00+00:00,5.0357441902160645,5.097509860992432,4.836149215698242,4.898386001586914,6435730
2021-10-27 00:00:00+00:00,4.89923620223999,4.979700088500977,4.629753112792969,4.680315971374512,7127977
2021-10-28 00:00:00+00:00,4.673065185546875,4.741504192352295,4.523152828216553,4.722369194030762,7254426
2021-10-29 00:00:00+00:00,4.722657203674316,4.8829450607299805,4.629691123962402,4.639979839324951,6167029
2021-10-30 00:00:00+00:00,4.640436172485352,4.9227519035339355,4.1974639892578125,4.657393932342529,15160705
2021-10-31 00:00:00+00:00,4.660305976867676,4.705665111541748,4.376748085021973,4.4773268699646,6673157
2021-11-01 00:00:00+00:00,4.477618217468262,4.548943042755127,4.285865783691406,4.321690082550049,7192802
2021-11-02 00:00:00+00:00,4.322018146514893,4.41414213180542,4.160276889801025,4.192553997039795,8584465
2021-11-03 00:00:00+00:00,4.196965217590332,4.402379035949707,3.967737913131714,4.169591903686523,18787499
2021-11-04 00:00:00+00:00,4.167905807495117,4.506674766540527,3.885179042816162,4.294280052185059,18041208
2021-11-05 00:00:00+00:00,4.293585777282715,4.566864013671875,4.113283157348633,4.541875839233398,10692392
2021-11-06 00:00:00+00:00,4.542270183563232,4.583462238311768,4.375408172607422,4.379753112792969,4542283
2021-11-07 00:00:00+00:00,4.378304958343506,4.436717987060547,4.2895660400390625,4.316867828369141,4802937
2021-11-08 00:00:00+00:00,4.316549777984619,4.433704853057861,4.299585819244385,4.371771812438965,4914798
2021-11-09 00:00:00+00:00,4.371874809265137,4.5728888511657715,4.3525590896606445,4.501331806182861,4013569
2021-11-10 00:00:00+00:00,4.501555919647217,4.867280960083008,4.484299182891846,4.536482810974121,8246581
2021-11-11 00:00:00+00:00,4.541304111480713,4.777133941650391,4.519681930541992,4.590907096862793,5542016
2021-11-12 00:00:00+00:00,4.589478969573975,4.7524189949035645,4.388701915740967,4.578080177307129,6438400
2021-11-13 00:00:00+00:00,4.578794956207275,4.779640197753906,4.50876522064209,4.771365165710449,3471874
2021-11-14 00:00:00+00:00,4.770734786987305,4.79493522644043,4.692134857177734,4.726851940155029,3268294
2021-11-15 00:00:00+00:00,4.726334095001221,4.838687896728516,4.5654802322387695,4.595017910003662,6476541
2021-11-16 00:00:00+00:00,4.594064235687256,4.620443820953369,4.334877967834473,4.408005237579346,6351723
2021-11-17 00:00:00+00:00,4.406517028808594,4.837149143218994,4.171966075897217,4.191905975341797,3984455
2021-11-18 00:00:00+00:00,4.189487934112549,4.3914570808410645,3.9422390460968018,3.9624369144439697,6455966
2021-11-19 00:00:00+00:00,3.962744951248169,4.2483038902282715,3.954421043395996,4.101419925689697,5304101
2021-11-20 00:00:00+00:00,4.100344181060791,4.125690937042236,3.973942995071411,4.004944801330566,4036325
2021-11-21 00:00:00+00:00,4.011281967163086,4.039728164672852,3.984671115875244,4.00209903717041,3367921
2021-11-22 00:00:00+00:00,4.004810810089111,4.212274074554443,3.9239020347595215,3.9239020347595215,6241898
2021-11-23 00:00:00+00:00,3.924168109893799,4.0962419509887695,3.904439926147461,3.9112460613250732,5995363
2021-11-24 00:00:00+00:00,3.91169810295105,4.339678764343262,3.91169810295105,4.057506084442139,6546381
2021-11-25 00:00:00+00:00,4.306436061859131,4.515556812286377,4.306436061859131,4.505019187927246,9081780
2021-11-26 00:00:00+00:00,4.4180908203125,4.428493022918701,3.9053139686584473,3.964128017425537,6245313
2021-11-27 00:00:00+00:00,3.967663049697876,4.01524019241333,3.767280101776123,3.9131500720977783,5589422
2021-11-28 00:00:00+00:00,3.913954019546509,4.052393913269043,3.6536200046539307,3.8322389125823975,7982627
2021-11-29 00:00:00+00:00,3.830087900161743,3.9138200283050537,3.720038890838623,3.782973051071167,4578920
2021-11-30 00:00:00+00:00,3.7826590538024902,3.9658150672912598,3.7042388916015625,3.8117430210113525,4882523
2021-12-01 00:00:00+00:00,3.8103530406951904,4.045106887817383,3.7985219955444336,3.944456100463867,5946013
2021-12-02 00:00:00+00:00,3.94486403465271,4.124752044677734,3.8790359497070312,3.972440004348755,9772231
2021-12-03 00:00:00+00:00,3.9734790325164795,4.066390037536621,3.7023448944091797,3.721921920776367,7075281
2021-12-04 00:00:00+00:00,3.7241439819335938,3.902949094772339,3.417490005493164,3.8832850456237793,12154123
2021-12-05 00:00:00+00:00,3.8827850818634033,4.031353950500488,3.5720059871673584,3.7193500995635986,7864752
2021-12-06 00:00:00+00:00,3.720123052597046,3.8091559410095215,3.6458640098571777,3.740885019302368,5071359
2021-12-07 00:00:00+00:00,3.7425639629364014,3.7631020545959473,3.6245229244232178,3.6290481090545654,5304742
2021-12-08 00:00:00+00:00,3.6269829273223877,3.7901248931884766,3.3943419456481934,3.6913421154022217,10717623
2021-12-09 00:00:00+00:00,3.690186023712158,3.69760799407959,3.4050040245056152,3.451220989227295,5165249
2021-12-10 00:00:00+00:00,3.4497718811035156,4.060480117797852,3.443873882293701,3.9363059997558594,12862758
2021-12-11 00:00:00+00:00,3.9353630542755127,3.966136932373047,3.8236050605773926,3.9073400497436523,6376629
2021-12-12 00:00:00+00:00,3.905287981033325,3.9417359828948975,3.843606948852539,3.896811008453369,2866299
2021-12-13 00:00:00+00:00,3.8977279663085938,3.9325621128082275,3.6788558959960938,3.777345895767212,5115940
2021-12-14 00:00:00+00:00,3.7822020053863525,3.8265209197998047,3.7183029651641846,3.7226309776306152,5180345
2021-12-15 00:00:00+00:00,3.766779899597168,3.9103710651397705,3.6658968925476074,3.8594510555267334,4995273
2021-12-16 00:00:00+00:00,3.859860897064209,3.9312310218811035,3.805243968963623,3.8154799938201904,4278541
2021-12-17 00:00:00+00:00,3.81677508354187,3.863284111022949,3.6703290939331055,3.7763431072235107,4489505
2021-12-18 00:00:00+00:00,3.7811601161956787,3.8184878826141357,3.729418992996216,3.7835910320281982,3075433
2021-12-19 00:00:00+00:00,3.7836248874664307,3.8633110523223877,3.738986015319824,3.773437023162842,2303959
2021-12-20 00:00:00+00:00,3.773961067199707,4.163679122924805,3.768057107925415,3.8142130374908447,12972308
2021-12-21 00:00:00+00:00,3.8134989738464355,3.896646022796631,3.7917959690093994,3.8339030742645264,3851631
2021-12-22 00:00:00+00:00,3.834536075592041,3.9440529346466064,3.8333001136779785,3.940851926803589,3280340
2021-12-23 00:00:00+00:00,3.941087007522583,4.0243048667907715,3.908935070037842,3.9804389476776123,3935557
2021-12-24 00:00:00+00:00,3.979733943939209,4.000685214996338,3.8964109420776367,3.922816038131714,3272859
2021-12-25 00:00:00+00:00,3.922055959701538,3.9389050006866455,3.869117021560669,3.8708510398864746,2447331
2021-12-26 00:00:00+00:00,3.8678300380706787,3.895076036453247,3.812251091003418,3.8615260124206543,2708761
2021-12-27 00:00:00+00:00,3.8621439933776855,3.8982620239257812,3.8206489086151123,3.8308539390563965,3386057
2021-12-28 00:00:00+00:00,3.829190969467163,3.95672607421875,3.8051869869232178,3.820528030395508,6623172
2021-12-29 00:00:00+00:00,3.8202829360961914,4.2100090980529785,3.782965898513794,3.9618899822235107,10733645
2021-12-30 00:00:00+00:00,3.9624509811401367,4.564361095428467,3.9497230052948,4.490488052368164,12234753
2021-12-31 00:00:00+00:00,4.490533828735352,4.683321952819824,4.280162811279297,4.371918201446533,7209262
2022-01-01 00:00:00+00:00,4.372856140136719,4.43393087387085,4.212626934051514,4.235777854919434,3301919
2022-01-02 00:00:00+00:00,4.235045909881592,4.256162166595459,4.199507236480713,4.248091220855713,2662253
2022-01-03 00:00:00+00:00,4.248119831085205,4.250189781188965,4.014925956726074,4.088494777679443,2992245
2022-01-04 00:00:00+00:00,4.088689804077148,4.137954235076904,4.01427698135376,4.017352104187012,3307710
2022-01-05 00:00:00+00:00,4.016287803649902,4.054646968841553,3.6431028842926025,3.6431028842926025,9871839
2022-01-06 00:00:00+00:00,3.6406290531158447,3.6406290531158447,3.041486978530884,3.5456230640411377,25277102
2022-01-07 00:00:00+00:00,3.5463690757751465,3.5463690757751465,3.07975697517395,3.3232970237731934,8421922
2022-01-08 00:00:00+00:00,3.323596954345703,3.4378139972686768,3.0734739303588867,3.2211310863494873,5398556
2022-01-09 00:00:00+00:00,3.21801495552063,3.2652039527893066,3.114361047744751,3.210092067718506,5300540
2022-01-10 00:00:00+00:00,3.210020065307617,3.2279369831085205,3.058397054672241,3.0846269130706787,5572070
2022-01-11 00:00:00+00:00,3.0846869945526123,3.2129271030426025,3.0440011024475098,3.165191888809204,5772889
2022-01-12 00:00:00+00:00,3.1668829917907715,3.3631210327148438,3.1156229972839355,3.2965190410614014,3922329
2022-01-13 00:00:00+00:00,3.296070098876953,3.4263200759887695,3.1802589893341064,3.3745110034942627,5782288
2022-01-14 00:00:00+00:00,3.3745670318603516,3.4304139614105225,3.0938611030578613,3.1788570880889893,6594780
2022-01-15 00:00:00+00:00,3.1789679527282715,3.2209830284118652,3.1643478870391846,3.2088840007781982,1825280
2022-01-16 00:00:00+00:00,3.2082788944244385,3.2506790161132812,3.1465420722961426,3.217618942260742,2662363
2022-01-17 00:00:00+00:00,3.217979907989502,3.217979907989502,3.0926640033721924,3.108119010925293,2992277
2022-01-18 00:00:00+00:00,3.1078879833221436,3.184619903564453,3.023513078689575,3.0795540809631348,6028820
2022-01-19 00:00:00+00:00,3.079659938812256,3.1657660007476807,3.0460610389709473,3.059891939163208,3935345
2022-01-20 00:00:00+00:00,3.059674024581909,3.141077995300293,2.8385169506073,3.07049298286438,7327591
2022-01-21 00:00:00+00:00,3.070497989654541,3.145327091217041,2.621730089187622,2.623236894607544,16712955
2022-01-22 00:00:00+00:00,2.6247310638427734,2.719507932662964,2.3727550506591797,2.5766780376434326,13290197
2022-01-23 00:00:00+00:00,2.5785510540008545,2.6515889167785645,2.4026310443878174,2.4897708892822266,5250488
2022-01-24 00:00:00+00:00,2.4895529747009277,2.4895529747009277,2.0145950317382812,2.339279890060425,16980548
2022-01-25 00:00:00+00:00,2.339142084121704,2.3430609703063965,2.172945022583008,2.2034430503845215,6412963
2022-01-26 00:00:00+00:00,2.2018730640411377,2.432049036026001,2.188504934310913,2.252979040145874,5660758
2022-01-27 00:00:00+00:00,2.2520151138305664,2.2644429206848145,2.0156779289245605,2.05607008934021,6051696
2022-01-28 00:00:00+00:00,2.05593204498291,2.33149790763855,2.0509579181671143,2.3287720680236816,3807243
2022-01-29 00:00:00+00:00,2.326435089111328,2.4236741065979004,2.3039391040802,2.4070699214935303,4030434
2022-01-30 00:00:00+00:00,2.4075419902801514,2.6189959049224854,2.4036409854888916,2.5673420429229736,4899774
2022-01-31 00:00:00+00:00,2.56748104095459,2.680293083190918,2.5383141040802,2.5576210021972656,4061074
2022-02-01 00:00:00+00:00,2.5577468872070312,2.66571307182312,2.544265031814575,2.6098248958587646,3163390
2022-02-02 00:00:00+00:00,2.6099140644073486,2.6163809299468994,2.4077229499816895,2.4249989986419678,3569777
2022-02-03 00:00:00+00:00,2.4241979122161865,2.459731101989746,2.3584070205688477,2.456386089324951,3695764
2022-02-04 00:00:00+00:00,2.45644211769104,2.743293046951294,2.452436923980713,2.7243499755859375,3311786
2022-02-05 00:00:00+00:00,2.725583076477051,2.7741780281066895,2.6819870471954346,2.685750961303711,2441550
2022-02-06 00:00:00+00:00,2.686630964279175,2.980262041091919,2.6842949390411377,2.977013111114502,4302445
2022-02-07 00:00:00+00:00,2.9766509532928467,3.15195894241333,2.9534530639648438,3.1316308975219727,3519030
2022-02-08 00:00:00+00:00,3.1318891048431396,3.142975091934204,3.0124449729919434,3.0742180347442627,3388521
2022-02-09 00:00:00+00:00,3.0743091106414795,3.3172569274902344,3.036530017852783,3.2973101139068604,3751401
2022-02-10 00:00:00+00:00,3.296204090118408,3.547813892364502,3.2154529094696045,3.459383010864258,5305103
2022-02-11 00:00:00+00:00,3.460671901702881,3.463865041732788,3.172437906265259,3.176240921020508,3085681
2022-02-12 00:00:00+00:00,3.176568031311035,3.2007410526275635,3.13440203666687,3.176316022872925,2556843
2022-02-13 00:00:00+00:00,3.1759400367736816,3.1904549598693848,3.0853140354156494,3.091958999633789,1796095
2022-02-14 00:00:00+00:00,3.090912103652954,3.151808023452759,3.083268880844116,3.1478099822998047,1992819
2022-02-15 00:00:00+00:00,3.1478168964385986,3.6248550415039062,3.1370999813079834,3.601936101913452,7997126
2022-02-16 00:00:00+00:00,3.6026549339294434,3.608367919921875,3.425992965698242,3.503014087677002,3813854
2022-02-17 00:00:00+00:00,3.5006120204925537,3.5126500129699707,3.271575927734375,3.281317949295044,4121223
2022-02-18 00:00:00+00:00,3.281358003616333,3.3318870067596436,3.1193830966949463,3.141561985015869,3496483
2022-02-19 00:00:00+00:00,3.141710042953491,3.169153928756714,3.0964670181274414,3.1499640941619873,2200888
2022-02-20 00:00:00+00:00,3.149298906326294,3.1871910095214844,3.070488929748535,3.142765998840332,4125841
2022-02-21 00:00:00+00:00,3.1425089836120605,3.269166946411133,3.053697109222412,3.0570249557495117,5166671
2022-02-22 00:00:00+00:00,3.0559940338134766,3.123410940170288,3.0069289207458496,3.0969979763031006,3353064
2022-02-23 00:00:00+00:00,3.0979340076446533,3.3268799781799316,3.0780270099639893,3.0799760818481445,5401736
2022-02-24 00:00:00+00:00,3.0785419940948486,3.0785419940948486,2.710874080657959,2.9354889392852783,10180820
2022-02-25 00:00:00+00:00,2.93556809425354,3.152475118637085,2.9289989471435547,3.088184118270874,4361701
2022-02-26 00:00:00+00:00,3.0883989334106445,3.1666970252990723,3.07857608795166,3.1419999599456787,3531748
2022-02-27 00:00:00+00:00,3.141371011734009,3.162982940673828,2.8901689052581787,2.8960649967193604,3599946
2022-02-28 00:00:00+00:00,2.8956289291381836,3.201741933822632,2.877465009689331,3.1845951080322266,4525506
2022-03-01 00:00:00+00:00,3.1852500438690186,3.2380969524383545,3.042165994644165,3.212117910385132,6192953
2022-03-02 00:00:00+00:00,3.212049961090088,3.266983985900879,3.1308960914611816,3.1513030529022217,4505502
2022-03-03 00:00:00+00:00,3.151621103286743,3.15959095954895,3.083901882171631,3.0912160873413086,2481921
2022-03-04 00:00:00+00:00,3.0914969444274902,3.1832540035247803,2.9579920768737793,3.052738904953003,6239945
2022-03-05 00:00:00+00:00,3.0533111095428467,3.086232900619507,2.9896960258483887,3.041372060775757,3872665
2022-03-06 00:00:00+00:00,3.041269063949585,3.0548360347747803,2.9039690494537354,2.9108009338378906,2828881
2022-03-07 00:00:00+00:00,2.9108989238739014,2.9149160385131836,2.8225889205932617,2.8431029319763184,3827506
2022-03-08 00:00:00+00:00,2.8412139415740967,2.945417881011963,2.826957941055298,2.891261100769043,2784271
2022-03-09 00:00:00+00:00,2.891777992248535,3.1129848957061768,2.8881020545959473,3.09067702293396,3307803
2022-03-10 00:00:00+00:00,3.0903799533843994,3.1318740844726562,3.060647964477539,3.103524923324585,3725020
2022-03-11 00:00:00+00:00,3.1038410663604736,3.256481885910034,3.074321985244751,3.1482579708099365,5646142
2022-03-12 00:00:00+00:00,3.1482739448547363,3.1858019828796387,3.057784080505371,3.061328887939453,2311160
2022-03-13 00:00:00+00:00,3.061295986175537,3.0948920249938965,2.9983599185943604,3.008608102798462,4458940
2022-03-14 00:00:00+00:00,3.0092039108276367,3.036186933517456,2.997205972671509,3.031454086303711,3759781
2022-03-15 00:00:00+00:00,3.0314459800720215,3.088310956954956,3.004775047302246,3.0502610206604004,3629872
2022-03-16 00:00:00+00:00,3.0506479740142822,3.191962957382202,3.021620988845825,3.167862892150879,4891431
2022-03-17 00:00:00+00:00,3.167917013168335,3.2976009845733643,3.1507749557495117,3.270066976547241,4438367
2022-03-18 00:00:00+00:00,3.269634962081909,3.370012044906616,3.2277920246124268,3.3606979846954346,4592394
2022-03-19 00:00:00+00:00,3.360548973083496,3.3810970783233643,3.296586036682129,3.307178020477295,3704104
2022-03-20 00:00:00+00:00,3.307229995727539,3.310641050338745,3.223367929458618,3.243415117263794,3266014
2022-03-21 00:00:00+00:00,3.243227958679199,3.3147261142730713,3.2017269134521484,3.2061269283294678,7122387
2022-03-22 00:00:00+00:00,3.205986976623535,3.2908129692077637,3.1996729373931885,3.2249391078948975,3143745
2022-03-23 00:00:00+00:00,3.224623918533325,3.224623918533325,3.167025089263916,3.203489065170288,2769713
2022-03-24 00:00:00+00:00,3.2039880752563477,3.3721370697021484,3.2039880752563477,3.2871809005737305,5330501
2022-03-25 00:00:00+00:00,3.2861080169677734,3.3632819652557373,3.2517828941345215,3.315485954284668,4601509
2022-03-26 00:00:00+00:00,3.3155899047851562,3.320094108581543,3.27856707572937,3.2858810424804688,1720669
2022-03-27 00:00:00+00:00,3.2861690521240234,3.345855951309204,3.2729859352111816,3.3193230628967285,2637639
2022-03-28 00:00:00+00:00,3.319477081298828,3.447854995727539,3.3033249378204346,3.3269429206848145,5222460
2022-03-29 00:00:00+00:00,3.3262240886688232,3.4479029178619385,3.325536012649536,3.382267951965332,3826692
2022-03-30 00:00:00+00:00,3.3819239139556885,3.3832919597625732,3.283051013946533,3.290977954864502,3931334
2022-03-31 00:00:00+00:00,3.2912158966064453,3.400192975997925,3.2865500450134277,3.3230199813842773,5293671
2022-04-01 00:00:00+00:00,3.323288917541504,3.3338100910186768,3.24735689163208,3.2616660594940186,3019607
2022-04-02 00:00:00+00:00,3.261406898498535,3.2960751056671143,3.1468610763549805,3.1468610763549805,2887738
2022-04-03 00:00:00+00:00,3.1472649574279785,3.171314001083374,3.1393179893493652,3.1457509994506836,2630856
2022-04-04 00:00:00+00:00,3.145495891571045,3.1774630546569824,3.1285030841827393,3.167443037033081,4029787
2022-04-05 00:00:00+00:00,3.1676089763641357,3.1848831176757812,3.1079840660095215,3.1081008911132812,2090978
2022-04-06 00:00:00+00:00,3.106682062149048,3.130500078201294,2.9969611167907715,3.0046730041503906,3726918
2022-04-07 00:00:00+00:00,2.9972550868988037,3.047105073928833,2.9939370155334473,3.032644033432007,1996236
2022-04-08 00:00:00+00:00,3.0339510440826416,3.0762150287628174,2.980149030685425,2.9822559356689453,2771421
2022-04-09 00:00:00+00:00,2.982301950454712,3.011331081390381,2.9608089923858643,2.977489948272705,2433792
2022-04-10 00:00:00+00:00,2.977468967437744,2.9827499389648438,2.925766944885254,2.9331870079040527,2480846
2022-04-11 00:00:00+00:00,2.9329779148101807,2.9388840198516846,2.6105709075927734,2.621208906173706,6610261
2022-04-12 00:00:00+00:00,2.621551990509033,2.755280017852783,2.436300039291382,2.44567608833313,7850950
2022-04-13 00:00:00+00:00,2.44496488571167,2.516433000564575,2.1472818851470947,2.2086620330810547,8368899
2022-04-14 00:00:00+00:00,2.208674907684326,2.2434890270233154,2.1291089057922363,2.1415369510650635,4187585
2022-04-15 00:00:00+00:00,2.143328905105591,2.3313839435577393,2.1194069385528564,2.280505895614624,4224928
2022-04-16 00:00:00+00:00,2.2804269790649414,2.3066039085388184,2.127264976501465,2.1354711055755615,2654434
2022-04-17 00:00:00+00:00,2.1350960731506348,2.225476026535034,2.081418037414551,2.1825740337371826,2502978
2022-04-18 00:00:00+00:00,2.182279109954834,2.2058000564575195,1.9923980236053467,2.087574005126953,4759043
2022-04-19 00:00:00+00:00,2.0953049659729004,2.331118106842041,2.0754199028015137,2.249850034713745,5951742
2022-04-20 00:00:00+00:00,2.249958038330078,2.342818021774292,2.191195011138916,2.21829891204834,4341740
2022-04-21 00:00:00+00:00,2.21822190284729,2.2238030433654785,2.101351022720337,2.104094982147217,3421998
2022-04-22 00:00:00+00:00,2.1048479080200195,2.174269914627075,2.0694921016693115,2.10815691947937,3912726
2022-04-23 00:00:00+00:00,2.107224941253662,2.1247260570526123,2.088881015777588,2.1213200092315674,2471361
2022-04-24 00:00:00+00:00,2.121166944503784,2.144153118133545,2.0959179401397705,2.118204116821289,1832936
2022-04-25 00:00:00+00:00,2.118496894836426,2.1609408855438232,2.051398992538452,2.153162956237793,3051079
2022-04-26 00:00:00+00:00,2.1530768871307373,2.187364101409912,2.05615496635437,2.0611069202423096,3927817
2022-04-27 00:00:00+00:00,2.0611820220947266,2.1221089363098145,2.0598130226135254,2.1144309043884277,2623463
2022-04-28 00:00:00+00:00,2.1145360469818115,2.1579689979553223,2.071315050125122,2.1160500049591064,4064257
2022-04-29 00:00:00+00:00,2.1160099506378174,2.165179967880249,2.065469980239868,2.0739800930023193,3696483
2022-04-30 00:00:00+00:00,2.0740060806274414,2.0750279426574707,2.0032360553741455,2.0091071128845215,3635039
2022-05-01 00:00:00+00:00,2.0085110664367676,2.088813066482544,2.008009910583496,2.0850789546966553,3649844
2022-05-02 00:00:00+00:00,2.084973096847534,2.130095958709717,2.073425054550171,2.091135025024414,4509437
2022-05-03 00:00:00+00:00,2.0906200408935547,2.130286931991577,2.0767290592193604,2.097114086151123,3977919
2022-05-04 00:00:00+00:00,2.096687078475952,2.1792569160461426,2.0947670936584473,2.171057939529419,4640500
2022-05-05 00:00:00+00:00,2.1730968952178955,2.178740978240967,2.0136570930480957,2.035407066345215,4525781
2022-05-06 00:00:00+00:00,2.0349340438842773,2.0600130558013916,2.008618116378784,2.012371063232422,4095790
2022-05-07 00:00:00+00:00,2.012444019317627,2.0132040977478027,1.9432920217514038,1.9659969806671143,4041648
2022-05-08 00:00:00+00:00,1.965973973274231,2.0226950645446777,1.894049048423767,1.9320110082626343,6883371
2022-05-09 00:00:00+00:00,1.932973027229309,1.9366240501403809,1.6146939992904663,1.6194369792938232,7428320
2022-05-10 00:00:00+00:00,1.6182750463485718,1.633978009223938,1.5178560018539429,1.5586919784545898,4869405
2022-05-11 00:00:00+00:00,1.5582000017166138,1.5719319581985474,0.9940630197525024,1.0307129621505737,9526536
2022-05-12 00:00:00+00:00,1.0312960147857666,1.1662989854812622,0.5070019960403442,0.9907100200653076,14839946
2022-05-13 00:00:00+00:00,0.9897670149803162,1.0060869455337524,0.7878580093383789,0.7878580093383789,5404227
2022-05-14 00:00:00+00:00,0.7887629866600037,0.8478639721870422,0.7602019906044006,0.7640619874000549,4688483
2022-05-15 00:00:00+00:00,0.7647749781608582,0.983601987361908,0.6742849946022034,0.94651198387146,5365525
2022-05-16 00:00:00+00:00,0.9465460181236267,0.9485790133476257,0.8125879764556885,0.8513330221176147,4474622
2022-05-17 00:00:00+00:00,0.8514140248298645,0.856656014919281,0.8164200186729431,0.8449699878692627,3869222
2022-05-18 00:00:00+00:00,0.8450490236282349,0.8529490232467651,0.759905993938446,0.759905993938446,5545229
2022-05-19 00:00:00+00:00,0.7597619891166687,0.8389930129051208,0.7474790215492249,0.8300579786300659,4051119
2022-05-20 00:00:00+00:00,0.8296899795532227,0.8373960256576538,0.7659779787063599,0.7810239791870117,4178305
2022-05-21 00:00:00+00:00,0.7806469798088074,0.7845969796180725,0.7281659841537476,0.728206992149353,3766306
2022-05-22 00:00:00+00:00,0.7282140254974365,0.7612519860267639,0.7260500192642212,0.7573800086975098,2729040
2022-05-23 00:00:00+00:00,0.757220983505249,0.795415997505188,0.7391589879989624,0.7411569952964783,2084721
2022-05-24 00:00:00+00:00,0.7410899996757507,0.7742120027542114,0.7382479906082153,0.7710899710655212,5959242
2022-05-25 00:00:00+00:00,0.771323025226593,0.7779650092124939,0.7462520003318787,0.7511630058288574,7662080
2022-05-26 00:00:00+00:00,0.7500560283660889,0.7525650262832642,0.6618970036506653,0.6640160083770752,5102493
2022-05-27 00:00:00+00:00,0.6637120246887207,0.6637120246887207,0.5042170286178589,0.5435010194778442,3361057
2022-05-28 00:00:00+00:00,0.527882993221283,0.5521489977836609,0.5266680121421814,0.5349720120429993,4839054
2022-05-29 00:00:00+00:00,0.5349379777908325,0.579321026802063,0.5218579769134521,0.5547159910202026,4571090
2022-05-30 00:00:00+00:00,0.5546870231628418,0.8042669892311096,0.5485690236091614,0.7950429916381836,2736890
2022-05-31 00:00:00+00:00,0.7943609952926636,0.8556169867515564,0.7577620148658752,0.8365740180015564,5728151
2022-06-01 00:00:00+00:00,0.8365839719772339,0.8392689824104309,0.7093979716300964,0.7149839997291565,7647854
2022-06-02 00:00:00+00:00,0.7147120237350464,0.826645016670227,0.7042520046234131,0.8199949860572815,5034350
2022-06-03 00:00:00+00:00,0.819881021976471,0.827584981918335,0.7711939811706543,0.8153349757194519,7542016
2022-06-04 00:00:00+00:00,0.815339982509613,0.8177779912948608,0.7990990281105042,0.8024680018424988,8971853
2022-06-05 00:00:00+00:00,0.8024439811706543,0.8063740134239197,0.7490220069885254,0.7490220069885254,5809332
2022-06-06 00:00:00+00:00,0.7499899864196777,0.7849379777908325,0.669750988483429,0.6897249817848206,5577401
2022-06-07 00:00:00+00:00,0.6897349953651428,0.6900539994239807,0.6382570266723633,0.6727309823036194,4515818
2022-06-08 00:00:00+00:00,0.6725670099258423,0.69269198179245,0.665988028049469,0.6682609915733337,6001858
2022-06-09 00:00:00+00:00,0.6683210134506226,0.6757169961929321,0.6365839838981628,0.6367290019989014,7261124
2022-06-10 00:00:00+00:00,0.636339008808136,0.637283980846405,0.39535200595855713,0.39535200595855713,10015441
2022-06-11 00:00:00+00:00,0.3951430022716522,0.43746501207351685,0.2642520070075989,0.38993000984191895,17215472
2022-06-12 00:00:00+00:00,0.3945870101451874,0.49283701181411743,0.3318850100040436,0.36617299914360046,18018043
2022-06-13 00:00:00+00:00,0.36538800597190857,0.41454601287841797,0.15536899864673615,0.2803780138492584,48776148
2022-06-14 00:00:00+00:00,0.280348002910614,1.1673580408096313,0.26333901286125183,0.7055619955062866,111099687
2022-06-15 00:00:00+00:00,0.7020320296287537,0.7106559872627258,0.45990899205207825,0.6059539914131165,89841858
2022-06-16 00:00:00+00:00,0.6060259938240051,0.6060259938240051,0.48467400670051575,0.5822309851646423,41774224
2022-06-17 00:00:00+00:00,0.5802159905433655,0.6859610080718994,0.5414019823074341,0.5943710207939148,33527760
2022-06-18 00:00:00+00:00,0.5958120226860046,0.6060929894447327,0.4554460048675537,0.5679849982261658,20147200
2022-06-19 00:00:00+00:00,0.568701982498169,0.6849520206451416,0.520346999168396,0.6704620122909546,13637565
2022-06-20 00:00:00+00:00,0.6687480211257935,1.2125509977340698,0.6112359762191772,1.2001680135726929,42791550
2022-06-21 00:00:00+00:00,1.1970579624176025,1.557196021080017,0.9321770071983337,1.095358967781067,73520524
2022-06-22 00:00:00+00:00,1.0951759815216064,1.1176090240478516,0.9157810211181641,0.9410769939422607,29126314
2022-06-23 00:00:00+00:00,0.9413629770278931,1.0725469589233398,0.9013429880142212,1.0492509603500366,17867273
2022-06-24 00:00:00+00:00,1.0494099855422974,1.2214159965515137,1.0014879703521729,1.0596450567245483,30270120
2022-06-25 00:00:00+00:00,1.0604150295257568,1.1215219497680664,0.9146010279655457,0.9968590140342712,17224011
2022-06-26 00:00:00+00:00,0.9972299933433533,1.052940011024475,0.7955639958381653,0.8031709790229797,16796045
2022-06-27 00:00:00+00:00,0.8001580238342285,0.8472200036048889,0.6961420178413391,0.7544000148773193,23296196
2022-06-28 00:00:00+00:00,0.754967987537384,0.7637569904327393,0.6905210018157959,0.7014989852905273,10615200
2022-06-29 00:00:00+00:00,0.7015129923820496,0.7738149762153625,0.6700969934463501,0.7716450095176697,10296929
2022-06-30 00:00:00+00:00,0.7718290090560913,0.7721400260925293,0.5571749806404114,0.6313549876213074,17580492
2022-07-01 00:00:00+00:00,0.6316969990730286,0.6688089966773987,0.5801010131835938,0.6198790073394775,10512952
2022-07-02 00:00:00+00:00,0.6201009750366211,0.771731972694397,0.5718799829483032,0.7215920090675354,12079490
2022-07-03 00:00:00+00:00,0.722012996673584,0.9453290104866028,0.7026159763336182,0.9037190079689026,29944803
2022-07-04 00:00:00+00:00,0.8998889923095703,1.1008050441741943,0.8474389910697937,1.0752209424972534,21127057
2022-07-05 00:00:00+00:00,1.074700951576233,1.074700951576233,0.893451988697052,0.9040039777755737,14712102
2022-07-06 00:00:00+00:00,0.9058030247688293,0.9286760091781616,0.8018590211868286,0.827144980430603,9507094
2022-07-07 00:00:00+00:00,0.8271610140800476,0.9212859869003296,0.6795259714126587,0.7228699922561646,14536509
2022-07-08 00:00:00+00:00,0.7197200059890747,0.7955420017242432,0.699662983417511,0.7896860241889954,14360515
2022-07-09 00:00:00+00:00,0.7899619936943054,0.9928950071334839,0.7444499731063843,0.9694330096244812,18831701
2022-07-10 00:00:00+00:00,0.9685029983520508,0.9941149950027466,0.7929459810256958,0.8020780086517334,22818878
2022-07-11 00:00:00+00:00,0.8029270172119141,0.8188089728355408,0.7035499811172485,0.7127779722213745,11242882
2022-07-12 00:00:00+00:00,0.7128679752349854,0.771003007888794,0.7008159756660461,0.7110670208930969,7640205
2022-07-13 00:00:00+00:00,0.7110779881477356,0.9548869729042053,0.6998819708824158,0.7676100134849548,20498421
2022-07-14 00:00:00+00:00,0.7692049741744995,0.8341519832611084,0.42387300729751587,0.7463319897651672,59101187
2022-07-15 00:00:00+00:00,0.7474300265312195,0.8062940239906311,0.7152870297431946,0.7749559879302979,13803031
2022-07-16 00:00:00+00:00,0.7740179896354675,0.8423500061035156,0.7179840207099915,0.8097530007362366,11105434
2022-07-17 00:00:00+00:00,0.8132529854774475,0.8320860266685486,0.7763090133666992,0.7930949926376343,4490679
2022-07-18 00:00:00+00:00,0.7932230234146118,0.8244850039482117,0.7769899964332581,0.8244850039482117,5691304
2022-07-19 00:00:00+00:00,0.8242729902267456,0.8242729902267456,0.7671380043029785,0.7794409990310669,4657886
2022-07-20 00:00:00+00:00,0.7793149948120117,0.8357359766960144,0.7675999999046326,0.7987639904022217,6234739
2022-07-21 00:00:00+00:00,0.7987040281295776,0.9547320008277893,0.7749639749526978,0.8851500153541565,11588840
2022-07-22 00:00:00+00:00,0.8865630030632019,0.9740700125694275,0.8116980195045471,0.8869050145149231,11401828
2022-07-23 00:00:00+00:00,0.8855680227279663,0.9193739891052246,0.8413410186767578,0.9059270024299622,5285467
2022-07-24 00:00:00+00:00,0.9086589813232422,0.918694019317627,0.8866410255432129,0.9049249887466431,1980555
2022-07-25 00:00:00+00:00,0.9050920009613037,0.9348639845848083,0.8736879825592041,0.8991029858589172,3810095
2022-07-26 00:00:00+00:00,0.8990820050239563,0.9320110082626343,0.8641499876976013,0.9166719913482666,5277597
2022-07-27 00:00:00+00:00,0.9153429865837097,1.1470520496368408,0.9016960263252258,1.12112295627594,8308765
2022-07-28 00:00:00+00:00,1.1207150220870972,1.4969099760055542,1.0595550537109375,1.1394729614257812,21246465
2022-07-29 00:00:00+00:00,1.141037940979004,1.3553309440612793,1.1346999406814575,1.1749030351638794,12270860
2022-07-30 00:00:00+00:00,1.1734299659729004,1.203995943069458,1.0750770568847656,1.075400948524475,6995433
2022-07-31 00:00:00+00:00,1.0791079998016357,1.1124809980392456,1.0622450113296509,1.0976459980010986,4448690
2022-08-01 00:00:00+00:00,1.0976450443267822,1.3248159885406494,1.0674409866333008,1.3065969944000244,12174322
2022-08-02 00:00:00+00:00,1.3066539764404297,1.3237229585647583,1.1549899578094482,1.1834540367126465,14841785
2022-08-03 00:00:00+00:00,1.1834720373153687,1.215595006942749,1.1617710590362549,1.1671600341796875,4700900
2022-08-04 00:00:00+00:00,1.1675950288772583,1.1998330354690552,1.1600929498672485,1.1798360347747803,3056901
2022-08-05 00:00:00+00:00,1.1779210567474365,1.2896790504455566,1.1779210567474365,1.2867189645767212,5106268
2022-08-06 00:00:00+00:00,1.2858819961547852,1.4072329998016357,1.2500989437103271,1.3629720211029053,7317820
2022-08-07 00:00:00+00:00,1.3602889776229858,1.452610969543457,1.3527870178222656,1.446761965751648,3893224
2022-08-08 00:00:00+00:00,1.4486650228500366,1.821465015411377,1.4360179901123047,1.8148150444030762,14855305
2022-08-09 00:00:00+00:00,1.8149700164794922,2.0793139934539795,1.8020670413970947,1.8619669675827026,28385250
2022-08-10 00:00:00+00:00,1.8616900444030762,2.511791944503784,1.7758640050888062,2.3412818908691406,32914477
2022-08-11 00:00:00+00:00,2.3451709747314453,2.4937610626220703,2.284467935562134,2.492249011993408,18495630
2022-08-12 00:00:00+00:00,2.492711067199707,2.9773149490356445,2.3876640796661377,2.9773149490356445,24038367
2022-08-13 00:00:00+00:00,2.981487989425659,4.0289201736450195,2.952908992767334,3.8635048866271973,76549654
2022-08-14 00:00:00+00:00,3.8737258911132812,3.984455108642578,3.4102048873901367,3.815669059753418,31317096
2022-08-15 00:00:00+00:00,3.8164260387420654,4.461392879486084,2.5774528980255127,2.7995779514312744,93117125
2022-08-16 00:00:00+00:00,2.7983291149139404,2.882662057876587,2.2215869426727295,2.3507139682769775,36673412
2022-08-17 00:00:00+00:00,2.3512520790100098,2.9460411071777344,2.3512520790100098,2.8097729682922363,42046607
2022-08-18 00:00:00+00:00,2.795380115509033,3.1015820503234863,2.7313120365142822,2.8782899379730225,35291901
2022-08-19 00:00:00+00:00,2.875231981277466,2.9644739627838135,2.5439510345458984,2.9504570960998535,30971090
2022-08-20 00:00:00+00:00,2.946249008178711,2.9544711112976074,2.4032270908355713,2.5594658851623535,13642194
2022-08-21 00:00:00+00:00,2.559148073196411,2.6407148838043213,2.1307129859924316,2.2618610858917236,12369597
2022-08-22 00:00:00+00:00,2.2618839740753174,2.273397922515869,1.5574029684066772,1.6986340284347534,26381024
2022-08-23 00:00:00+00:00,1.6993769407272339,1.7987749576568604,1.6109429597854614,1.6869590282440186,27220151
2022-08-24 00:00:00+00:00,1.687127947807312,1.6916550397872925,1.3574670553207397,1.3646609783172607,28770785
2022-08-25 00:00:00+00:00,1.3696470260620117,1.425915002822876,1.131814956665039,1.2095030546188354,23832642
2022-08-26 00:00:00+00:00,1.2126140594482422,1.2432810068130493,0.9052000045776367,0.9328699707984924,21323024
2022-08-27 00:00:00+00:00,0.9331030249595642,0.9610130190849304,0.8528389930725098,0.8917409777641296,13891411
2022-08-28 00:00:00+00:00,0.8882730007171631,1.3384040594100952,0.8824480175971985,1.1685880422592163,37140247
2022-08-29 00:00:00+00:00,1.1516690254211426,1.3687039613723755,1.1390529870986938,1.3167749643325806,22697272
2022-08-30 00:00:00+00:00,1.3166749477386475,1.316756010055542,1.0656110048294067,1.1191450357437134,17953454
2022-08-31 00:00:00+00:00,1.1202280521392822,1.2231249809265137,1.096343994140625,1.1399500370025635,14088699
2022-09-01 00:00:00+00:00,1.1403319835662842,1.4483749866485596,1.1308799982070923,1.3973009586334229,20549944
2022-09-02 00:00:00+00:00,1.3968390226364136,1.5694600343704224,1.389799952507019,1.3991459608078003,19924351
2022-09-03 00:00:00+00:00,1.4002939462661743,1.5074470043182373,1.3824249505996704,1.5044419765472412,9486221
2022-09-04 00:00:00+00:00,1.5053659677505493,1.5061639547348022,1.410526990890503,1.439594030380249,8621863
2022-09-05 00:00:00+00:00,1.4380019903182983,1.5229569673538208,1.4210460186004639,1.4977580308914185,10368235
2022-09-06 00:00:00+00:00,1.4975789785385132,1.5397980213165283,1.3229570388793945,1.365733027458191,11629617
2022-09-07 00:00:00+00:00,1.3677799701690674,1.3678040504455566,1.2731300592422485,1.348122000694275,8883794
2022-09-08 00:00:00+00:00,1.353111982345581,1.3579269647598267,1.248610019683838,1.2708410024642944,8135803
2022-09-09 00:00:00+00:00,1.270740032196045,1.3730369806289673,1.2659519910812378,1.3460839986801147,9369379
2022-09-10 00:00:00+00:00,1.346276044845581,1.3980549573898315,1.3226779699325562,1.3930959701538086,6574886
2022-09-11 00:00:00+00:00,1.3963559865951538,1.7600009441375732,1.345242977142334,1.6039199829101562,24129805
2022-09-12 00:00:00+00:00,1.5993599891662598,1.6067789793014526,1.4257899522781372,1.4572559595108032,18729252
2022-09-13 00:00:00+00:00,1.4576319456100464,1.4951820373535156,1.3956660032272339,1.470818042755127,11335872
2022-09-14 00:00:00+00:00,1.4587559700012207,1.900352954864502,1.4327809810638428,1.8636610507965088,29404387
2022-09-15 00:00:00+00:00,1.864238977432251,3.003274917602539,1.7048840522766113,1.801800012588501,96979471
2022-09-16 00:00:00+00:00,1.7999299764633179,1.8436000347137451,1.478503942489624,1.6163339614868164,32981102
2022-09-17 00:00:00+00:00,1.616178035736084,1.6241060495376587,1.5311089754104614,1.582718014717102,13747196
2022-09-18 00:00:00+00:00,1.582165002822876,1.6903940439224243,1.3515219688415527,1.3804609775543213,21898700
2022-09-19 00:00:00+00:00,1.3812259435653687,1.6136480569839478,1.37978994846344,1.5348739624023438,18138291
2022-09-20 00:00:00+00:00,1.5350040197372437,1.5445350408554077,1.4221220016479492,1.439985990524292,12112940
2022-09-21 00:00:00+00:00,1.4400780200958252,1.638023018836975,1.4165699481964111,1.5334440469741821,15198446
2022-09-22 00:00:00+00:00,1.533413052558899,1.7003029584884644,1.5286619663238525,1.5870460271835327,13257408
2022-09-23 00:00:00+00:00,1.5889519453048706,1.6177029609680176,1.5089770555496216,1.551745057106018,7836299
2022-09-24 00:00:00+00:00,1.5514919757843018,1.596274971961975,1.5250250101089478,1.5594359636306763,6466429
2022-09-25 00:00:00+00:00,1.5594199895858765,1.5767489671707153,1.4366029500961304,1.4417970180511475,7003853
2022-09-26 00:00:00+00:00,1.4418200254440308,1.4854340553283691,1.4142370223999023,1.4661120176315308,6944406
2022-09-27 00:00:00+00:00,1.4668489694595337,1.5739179849624634,1.34968900680542,1.4608689546585083,15715270
2022-09-28 00:00:00+00:00,1.4644110202789307,1.544739007949829,1.4578839540481567,1.4649510383605957,12335712
2022-09-29 00:00:00+00:00,1.4636319875717163,1.4825170040130615,1.4331450462341309,1.4670109748840332,6734443
2022-09-30 00:00:00+00:00,1.4675740003585815,1.469107985496521,1.3972359895706177,1.4081820249557495,6176277
2022-10-01 00:00:00+00:00,1.4073469638824463,1.4112629890441895,1.3321709632873535,1.3752150535583496,7832434
2022-10-02 00:00:00+00:00,1.3751139640808105,1.3892420530319214,1.3172800540924072,1.3217309713363647,4379069
2022-10-03 00:00:00+00:00,1.3214160203933716,1.3610039949417114,1.3027000427246094,1.3462250232696533,6164191
2022-10-04 00:00:00+00:00,1.3462170362472534,1.399407982826233,1.3238589763641357,1.37637197971344,7360471
2022-10-05 00:00:00+00:00,1.3761080503463745,1.3788319826126099,1.3236229419708252,1.3503199815750122,5824394
2022-10-06 00:00:00+00:00,1.3508609533309937,1.3649729490280151,1.0542689561843872,1.1048309803009033,23212347
2022-10-07 00:00:00+00:00,1.105787992477417,1.1586699485778809,1.0968689918518066,1.1580899953842163,12447014
2022-10-08 00:00:00+00:00,1.1587460041046143,1.1629689931869507,1.0826929807662964,1.0940059423446655,5047293
2022-10-09 00:00:00+00:00,1.0944249629974365,1.1206660270690918,1.0741970539093018,1.0872429609298706,5948152
2022-10-10 00:00:00+00:00,1.0883270502090454,1.0892430543899536,0.9787390232086182,0.9988449811935425,8350321
2022-10-11 00:00:00+00:00,0.9969339966773987,1.0089240074157715,0.861195981502533,0.8982380032539368,9021903
2022-10-12 00:00:00+00:00,0.8973309993743896,1.0391429662704468,0.895783007144928,1.013424038887024,14482874
2022-10-13 00:00:00+00:00,1.0129460096359253,1.0690139532089233,0.8822169899940491,1.034595012664795,18236525
2022-10-14 00:00:00+00:00,1.0342570543289185,1.1191279888153076,0.9331129789352417,0.9581969976425171,13595338
2022-10-15 00:00:00+00:00,0.9579480290412903,0.9892410039901733,0.9459009766578674,0.977653980255127,7633985
2022-10-16 00:00:00+00:00,0.9781339764595032,1.0278409719467163,0.976294994354248,1.0127860307693481,10394772
2022-10-17 00:00:00+00:00,1.0121610164642334,1.0237690210342407,0.953819990158081,0.9698370099067688,12022965
2022-10-18 00:00:00+00:00,0.969569981098175,0.9753220081329346,0.9410629868507385,0.9514380097389221,6068463
2022-10-19 00:00:00+00:00,0.9529920220375061,1.0029959678649902,0.9122899770736694,0.9745339751243591,7763162
2022-10-20 00:00:00+00:00,0.9707819819450378,0.9855170249938965,0.9417639970779419,0.9612439870834351,4872858
2022-10-21 00:00:00+00:00,0.9614229798316956,0.9695169925689697,0.9082080125808716,0.9488670229911804,6828324
2022-10-22 00:00:00+00:00,0.9489820003509521,0.9552909731864929,0.9339230060577393,0.9365329742431641,3197069
2022-10-23 00:00:00+00:00,0.9364309906959534,0.9653609991073608,0.9095730185508728,0.9494410157203674,4973565
2022-10-24 00:00:00+00:00,0.9486240148544312,0.9498080015182495,0.8944950103759766,0.9057239890098572,4105148
2022-10-25 00:00:00+00:00,0.9057390093803406,0.9565430283546448,0.8996589779853821,0.9267140030860901,6000595
2022-10-26 00:00:00+00:00,0.9263989925384521,0.9724689722061157,0.9236329793930054,0.935096025466919,6584100
2022-10-27 00:00:00+00:00,0.9360150098800659,0.9485250115394592,0.8877609968185425,0.8982160091400146,6947452
2022-10-28 00:00:00+00:00,0.8983719944953918,0.9355189800262451,0.8843680024147034,0.9044749736785889,6539064
2022-10-29 00:00:00+00:00,0.9047170281410217,1.0129200220108032,0.8979939818382263,0.9722989797592163,13344716
2022-10-30 00:00:00+00:00,0.9723740220069885,0.9981279969215393,0.924377977848053,0.9479359984397888,12469272
2022-10-31 00:00:00+00:00,0.9471870064735413,1.0260440111160278,0.9393630027770996,0.9748550057411194,9247866
2022-11-01 00:00:00+00:00,0.9749119877815247,0.9996880292892456,0.9586160182952881,0.9679949879646301,5627385
2022-11-02 00:00:00+00:00,0.9678859710693359,0.9768279790878296,0.9072759747505188,0.9229609966278076,5567292
2022-11-03 00:00:00+00:00,0.9230970144271851,0.9723169803619385,0.9219059944152832,0.9515299797058105,5096972
2022-11-04 00:00:00+00:00,0.9515500068664551,1.0559029579162598,0.9473469853401184,1.0235129594802856,7582521
2022-11-05 00:00:00+00:00,1.0256199836730957,1.1432509422302246,1.0079619884490967,1.1347860097885132,10376387
2022-11-06 00:00:00+00:00,1.1347780227661133,1.151481032371521,1.0028400421142578,1.0053240060806274,8915787
2022-11-07 00:00:00+00:00,1.005476951599121,1.0252900123596191,0.9467390179634094,0.9654499888420105,5820167
2022-11-08 00:00:00+00:00,0.9654470086097717,0.9856989979743958,0.8364049792289734,0.8499060273170471,9886415
2022-11-09 00:00:00+00:00,0.8486049771308899,0.850799024105072,0.5548719763755798,0.5823779702186584,12654026
2022-11-10 00:00:00+00:00,0.581961989402771,0.7586169838905334,0.576138973236084,0.6551880240440369,8884151
2022-11-11 00:00:00+00:00,0.6550319790840149,0.6973609924316406,0.598734974861145,0.6194480061531067,6668543
2022-11-12 00:00:00+00:00,0.619504988193512,0.6207129955291748,0.5753880143165588,0.60002201795578,4459329
2022-11-13 00:00:00+00:00,0.6003000140190125,0.6164889931678772,0.46578100323677063,0.4769600033760071,3771384
2022-11-14 00:00:00+00:00,0.47707000374794006,0.5124379992485046,0.444021999835968,0.48118799924850464,4583226
2022-11-15 00:00:00+00:00,0.4814629852771759,0.5061789751052856,0.47267699241638184,0.486952006816864,2155561
2022-11-16 00:00:00+00:00,0.4865019917488098,0.5392370223999023,0.4844760000705719,0.4949150085449219,3163350
2022-11-17 00:00:00+00:00,0.49493199586868286,0.5011630058288574,0.4749540090560913,0.4833880066871643,1657148
2022-11-18 00:00:00+00:00,0.48343101143836975,0.4912090003490448,0.4455850124359131,0.45278701186180115,1614932
2022-11-19 00:00:00+00:00,0.4527370035648346,0.5214560031890869,0.44837599992752075,0.5105609893798828,4205394
2022-11-20 00:00:00+00:00,0.5106480121612549,0.5236979722976685,0.458732008934021,0.461324006319046,2137283
2022-11-21 00:00:00+00:00,0.46154099702835083,0.46672898530960083,0.43754899501800537,0.44862300157546997,1846183
2022-11-22 00:00:00+00:00,0.4485839903354645,0.4684610068798065,0.43291500210762024,0.4673509895801544,1802066
2022-11-23 00:00:00+00:00,0.4674000144004822,0.5084580183029175,0.46528899669647217,0.48884400725364685,2181424
2022-11-24 00:00:00+00:00,0.4889169931411743,0.5046179890632629,0.4729590117931366,0.49556300044059753,1807304
2022-11-25 00:00:00+00:00,0.4953700006008148,0.5208560228347778,0.4819819927215576,0.4916749894618988,1906998
2022-11-26 00:00:00+00:00,0.49159300327301025,0.5211039781570435,0.49159300327301025,0.5069149732589722,1825909
2022-11-27 00:00:00+00:00,0.5069320201873779,0.5231109857559204,0.49209898710250854,0.49210500717163086,1424467
2022-11-28 00:00:00+00:00,0.4922049939632416,0.499532014131546,0.4771769940853119,0.4943940043449402,1508882
2022-11-29 00:00:00+00:00,0.494394987821579,0.5119540095329285,0.487296998500824,0.5021809935569763,1542213
2022-11-30 00:00:00+00:00,0.5023810267448425,0.5340129733085632,0.5023810267448425,0.5219900012016296,2213073
2022-12-01 00:00:00+00:00,0.5220980048179626,0.538640022277832,0.5154719948768616,0.5247009992599487,2318758
2022-12-02 00:00:00+00:00,0.524806022644043,0.5359179973602295,0.5152940154075623,0.5313609838485718,1677121
2022-12-03 00:00:00+00:00,0.5313730239868164,0.5342320203781128,0.5108659863471985,0.5127090215682983,1324764
2022-12-04 00:00:00+00:00,0.5126039981842041,0.5252739787101746,0.5051820278167725,0.5158270001411438,1400329
2022-12-05 00:00:00+00:00,0.5156559944152832,0.7003120183944702,0.5127729773521423,0.6840299963951111,8953926
2022-12-06 00:00:00+00:00,0.6835010051727295,0.7045440077781677,0.6250820159912109,0.6999670267105103,8135336
2022-12-07 00:00:00+00:00,0.6998090147972107,0.7664539813995361,0.6515499949455261,0.7522100210189819,7655914
2022-12-08 00:00:00+00:00,0.7522000074386597,0.7589660286903381,0.6595450043678284,0.6643329858779907,5563811
2022-12-09 00:00:00+00:00,0.6640539765357971,0.6779379844665527,0.6375960111618042,0.6394019722938538,2817325
2022-12-10 00:00:00+00:00,0.6388339996337891,0.6635299921035767,0.6191449761390686,0.6285420060157776,2079331
2022-12-11 00:00:00+00:00,0.6287109851837158,0.6895470023155212,0.6220570206642151,0.6860650181770325,16656205
2022-12-12 00:00:00+00:00,0.6859909892082214,0.6860870122909546,0.5812559723854065,0.5904330015182495,2335360
2022-12-13 00:00:00+00:00,0.5909600257873535,0.6025270223617554,0.5650389790534973,0.5900290012359619,2083361
2022-12-14 00:00:00+00:00,0.5904600024223328,0.6263449788093567,0.5877469778060913,0.5925650000572205,2358391
2022-12-15 00:00:00+00:00,0.5924710035324097,0.5974379777908325,0.5744600296020508,0.5797820091247559,1465780
2022-12-16 00:00:00+00:00,0.579692006111145,0.6014860272407532,0.468639999628067,0.47567498683929443,2258166
2022-12-17 00:00:00+00:00,0.47578999400138855,0.49878400564193726,0.4704200029373169,0.48993900418281555,1647712
2022-12-18 00:00:00+00:00,0.48991501331329346,0.5167989730834961,0.48420199751853943,0.5099070072174072,1177467
2022-12-19 00:00:00+00:00,0.5099679827690125,0.5293350219726562,0.4910010099411011,0.49275898933410645,2165733
2022-12-20 00:00:00+00:00,0.49304598569869995,0.523639976978302,0.4921340048313141,0.5112670063972473,1540145
2022-12-21 00:00:00+00:00,0.5132129788398743,0.544293999671936,0.5132129788398743,0.5310479998588562,2056128
2022-12-22 00:00:00+00:00,0.5317239761352539,0.5397390127182007,0.5063790082931519,0.5203310251235962,1595917
2022-12-23 00:00:00+00:00,0.5200480222702026,0.5386599898338318,0.5151140093803406,0.5214869976043701,1312428
2022-12-24 00:00:00+00:00,0.5204910039901733,0.5254579782485962,0.5039560198783875,0.5127949714660645,1098174
2022-12-25 00:00:00+00:00,0.5128660202026367,0.5160130262374878,0.49853500723838806,0.5060290098190308,1771292
2022-12-26 00:00:00+00:00,0.5060120224952698,0.5163059830665588,0.5024229884147644,0.5156859755516052,1087320
2022-12-27 00:00:00+00:00,0.5147539973258972,0.5164099931716919,0.5022150278091431,0.5106710195541382,1187641
2022-12-28 00:00:00+00:00,0.5106610059738159,0.5116350054740906,0.44236600399017334,0.45691901445388794,1662446
2022-12-29 00:00:00+00:00,0.4572339951992035,0.47629299759864807,0.4555310010910034,0.461668998003006,1537907
2022-12-30 00:00:00+00:00,0.4617690145969391,0.46957099437713623,0.453014999628067,0.46248099207878113,1405595
2022-12-31 00:00:00+00:00,0.46509599685668945,0.4793039858341217,0.45392000675201416,0.458407998085022,1053718
2023-01-01 00:00:00+00:00,0.4585080146789551,0.48458901047706604,0.45827698707580566,0.4834040105342865,1022980
2023-01-02 00:00:00+00:00,0.4834190011024475,0.5042250156402588,0.4682469964027405,0.4939909875392914,1183181
2023-01-03 00:00:00+00:00,0.49366700649261475,0.5277680158615112,0.4893620014190674,0.4972130060195923,1834161
2023-01-04 00:00:00+00:00,0.4966750144958496,0.535211980342865,0.49204200506210327,0.5161809921264648,1375558
2023-01-05 00:00:00+00:00,0.5161089897155762,0.5172979831695557,0.5009340047836304,0.5137010216712952,1082778
2023-01-06 00:00:00+00:00,0.5137689709663391,0.5225610136985779,0.5006909966468811,0.5155050158500671,1293224
2023-01-07 00:00:00+00:00,0.5155270099639893,0.5156959891319275,0.500482976436615,0.5029410123825073,1371615
2023-01-08 00:00:00+00:00,0.5029289722442627,0.5185359716415405,0.4990119934082031,0.5151249766349792,1022235
2023-01-09 00:00:00+00:00,0.5150319933891296,0.6114220023155212,0.5138059854507446,0.5440379977226257,2915267
2023-01-10 00:00:00+00:00,0.5436599850654602,0.5581820011138916,0.5219079852104187,0.535394012928009,1897390
2023-01-11 00:00:00+00:00,0.5354670286178589,0.5814610123634338,0.5273979902267456,0.5710570216178894,1990827
2023-01-12 00:00:00+00:00,0.57669597864151,0.5782679915428162,0.5392360091209412,0.568103015422821,1495367
2023-01-13 00:00:00+00:00,0.5684580206871033,0.5833569765090942,0.5561209917068481,0.5813649892807007,1097905
2023-01-14 00:00:00+00:00,0.5815340280532837,0.6539199948310852,0.5810480117797852,0.6196759939193726,3263211
2023-01-15 00:00:00+00:00,0.6196439862251282,0.6420829892158508,0.5983669757843018,0.6175829768180847,2197777
2023-01-16 00:00:00+00:00,0.6176900267601013,0.6382380127906799,0.609391987323761,0.6251590251922607,1777409
2023-01-17 00:00:00+00:00,0.6252620220184326,0.6388710141181946,0.6162940263748169,0.6292840242385864,1128004
2023-01-18 00:00:00+00:00,0.6289060115814209,0.6326339840888977,0.5482239723205566,0.5552340149879456,1865993
2023-01-19 00:00:00+00:00,0.5579389929771423,0.5758050084114075,0.5579389929771423,0.5732020139694214,1400535
2023-01-20 00:00:00+00:00,0.5730469822883606,0.62049800157547,0.5646139979362488,0.6132559776306152,1225059
2023-01-21 00:00:00+00:00,0.6144279837608337,0.6570889949798584,0.6057729721069336,0.6130989789962769,1723891
2023-01-22 00:00:00+00:00,0.6132010221481323,0.637785017490387,0.6046640276908875,0.6116729974746704,1204517
2023-01-23 00:00:00+00:00,0.6117720007896423,0.6548280119895935,0.6097819805145264,0.638716995716095,1942306
2023-01-24 00:00:00+00:00,0.638949990272522,0.6486080288887024,0.5794129967689514,0.591467022895813,1334271
2023-01-25 00:00:00+00:00,0.5913980007171631,0.612371027469635,0.5760599970817566,0.6060749888420105,1398183
2023-01-26 00:00:00+00:00,0.6060220003128052,0.6187540292739868,0.5961440205574036,0.6005470156669617,1479683
2023-01-27 00:00:00+00:00,0.6009740233421326,0.6521959900856018,0.5911980271339417,0.6383259892463684,2229936
2023-01-28 00:00:00+00:00,0.6383079886436462,0.6660029888153076,0.6095679998397827,0.6331629753112793,2494829
2023-01-29 00:00:00+00:00,0.6314929723739624,0.6688899993896484,0.6288589835166931,0.6512629985809326,1550424
2023-01-30 00:00:00+00:00,0.6510980129241943,0.6547539830207825,0.599407970905304,0.6068270206451416,1864162
2023-01-31 00:00:00+00:00,0.6074920296669006,0.613398015499115,0.5729960203170776,0.5890660285949707,2594554
2023-02-01 00:00:00+00:00,0.5888220071792603,0.6011480093002319,0.5161240100860596,0.5754089951515198,2882283
2023-02-02 00:00:00+00:00,0.5767679810523987,0.6284779906272888,0.5739700198173523,0.5986620187759399,3361743
2023-02-03 00:00:00+00:00,0.5988309979438782,0.6513929963111877,0.5988309979438782,0.6202399730682373,3558403
2023-02-04 00:00:00+00:00,0.6197299957275391,0.6252909898757935,0.6095290184020996,0.6106250286102295,2771294
2023-02-05 00:00:00+00:00,0.6104710102081299,0.6317790150642395,0.5800099968910217,0.6037610173225403,3461445
2023-02-06 00:00:00+00:00,0.603672981262207,0.6257529854774475,0.5898029804229736,0.6067569851875305,3036620
2023-02-07 00:00:00+00:00,0.6069160103797913,0.6208310127258301,0.590815007686615,0.6145740151405334,3757512
2023-02-08 00:00:00+00:00,0.6143919825553894,0.6226909756660461,0.5829020142555237,0.6002219915390015,4782146
2023-02-09 00:00:00+00:00,0.6007400155067444,0.6065790057182312,0.5202130079269409,0.5375279784202576,4374790
2023-02-10 00:00:00+00:00,0.5375699996948242,0.5492619872093201,0.5298640131950378,0.544992983341217,2776185
2023-02-11 00:00:00+00:00,0.544497013092041,0.5662329792976379,0.5417760014533997,0.5573359727859497,2652752
2023-02-12 00:00:00+00:00,0.557092010974884,0.5581009984016418,0.5310810208320618,0.5371649861335754,2812189
2023-02-13 00:00:00+00:00,0.5374040007591248,0.5407959818840027,0.5097259879112244,0.5235009789466858,3298308
2023-02-14 00:00:00+00:00,0.5231189727783203,0.5349730253219604,0.5121610164642334,0.5285379886627197,3993459
2023-02-15 00:00:00+00:00,0.528249979019165,0.5516520142555237,0.49079400300979614,0.5301529765129089,10651730
2023-02-16 00:00:00+00:00,0.5298560261726379,0.5397480130195618,0.49884799122810364,0.4988900125026703,12135497
2023-02-17 00:00:00+00:00,0.4994010031223297,0.5228210091590881,0.4977029860019684,0.5176740288734436,11646766
2023-02-18 00:00:00+00:00,0.5175729990005493,0.5269100069999695,0.5123149752616882,0.5161929726600647,10023270
2023-02-19 00:00:00+00:00,0.5164510011672974,0.5222169756889343,0.5068979859352112,0.512732982635498,9878873
2023-02-20 00:00:00+00:00,0.5126370191574097,0.5318700075149536,0.5070350170135498,0.525629997253418,10125855
2023-02-21 00:00:00+00:00,0.5263310074806213,0.5323370099067688,0.5106260180473328,0.5233839750289917,9679617
2023-02-22 00:00:00+00:00,0.5234869718551636,0.5339769721031189,0.4391170144081116,0.4732150137424469,15512603
2023-02-23 00:00:00+00:00,0.4730660021305084,0.4962179958820343,0.4730660021305084,0.4900610148906708,11233904
2023-02-24 00:00:00+00:00,0.4900270104408264,0.5512710213661194,0.48457399010658264,0.5097489953041077,20427516
2023-02-25 00:00:00+00:00,0.509680986404419,0.51870197057724,0.4731610119342804,0.488893985748291,10044353
2023-02-26 00:00:00+00:00,0.49017199873924255,0.506775975227356,0.4868679940700531,0.5003259778022766,8102121
2023-02-27 00:00:00+00:00,0.5001839995384216,0.5038719773292542,0.47746700048446655,0.4848490059375763,6684792
2023-02-28 00:00:00+00:00,0.48476898670196533,0.48913300037384033,0.46857601404190063,0.4701850116252899,7017414
2023-03-01 00:00:00+00:00,0.47065699100494385,0.5006440281867981,0.4698370099067688,0.4965460002422333,7849548
2023-03-02 00:00:00+00:00,0.4966700077056885,0.5002650022506714,0.46094799041748047,0.4711810052394867,8928952
2023-03-03 00:00:00+00:00,0.47111600637435913,0.47242599725723267,0.35978299379348755,0.3973489999771118,16019034
2023-03-04 00:00:00+00:00,0.3974199891090393,0.4027999937534332,0.37230101227760315,0.37954801321029663,8361097
2023-03-05 00:00:00+00:00,0.37974101305007935,0.41694000363349915,0.3774150013923645,0.3984549939632416,7493734
2023-03-06 00:00:00+00:00,0.39835599064826965,0.41482099890708923,0.38390499353408813,0.3957729935646057,9032655
2023-03-07 00:00:00+00:00,0.39577800035476685,0.40448400378227234,0.37842899560928345,0.3867439925670624,7633597
2023-03-08 00:00:00+00:00,0.3866730034351349,0.3969539999961853,0.3582330048084259,0.36283400654792786,13199468
2023-03-09 00:00:00+00:00,0.36290299892425537,0.3737339973449707,0.3201810121536255,0.33121201395988464,10012011
2023-03-10 00:00:00+00:00,0.33128100633621216,0.37076500058174133,0.3219740092754364,0.34773001074790955,6394627
2023-03-11 00:00:00+00:00,0.3477799892425537,0.35985898971557617,0.3304649889469147,0.35494399070739746,2905734
2023-03-12 00:00:00+00:00,0.35447099804878235,0.4015139937400818,0.34674501419067383,0.3913950026035309,3814789
2023-03-13 00:00:00+00:00,0.3924730122089386,0.4382910132408142,0.3756439983844757,0.41002601385116577,6989955
2023-03-14 00:00:00+00:00,0.4101429879665375,0.4576669931411743,0.4023669958114624,0.4105449914932251,7025650
2023-03-15 00:00:00+00:00,0.41057199239730835,0.41982099413871765,0.36584800481796265,0.37085801362991333,3592291
2023-03-16 00:00:00+00:00,0.3710089921951294,0.38172900676727295,0.36826398968696594,0.37524598836898804,1735821
2023-03-17 00:00:00+00:00,0.3752880096435547,0.39610400795936584,0.36925798654556274,0.39610400795936584,1888043
2023-03-18 00:00:00+00:00,0.39600899815559387,0.40767601132392883,0.3739820122718811,0.37502801418304443,2271932
2023-03-19 00:00:00+00:00,0.3751859962940216,0.3906019926071167,0.3730219900608063,0.37682899832725525,1746388
2023-03-20 00:00:00+00:00,0.37689000368118286,0.37780800461769104,0.35484498739242554,0.35589298605918884,1384965
2023-03-21 00:00:00+00:00,0.35589098930358887,0.3959769904613495,0.35556700825691223,0.3839470148086548,3093548
2023-03-22 00:00:00+00:00,0.38398900628089905,0.38398900628089905,0.35002800822257996,0.3598580062389374,2526415
2023-03-23 00:00:00+00:00,0.35979101061820984,0.36780598759651184,0.3568289875984192,0.36222198605537415,1943181
2023-03-24 00:00:00+00:00,0.3622080087661743,0.36621999740600586,0.33810099959373474,0.3436650037765503,1556599
2023-03-25 00:00:00+00:00,0.3437289893627167,0.34660598635673523,0.32960599660873413,0.3359360098838806,1022428
2023-03-26 00:00:00+00:00,0.3359549939632416,0.34936800599098206,0.3348349928855896,0.3457860052585602,1021605
2023-03-27 00:00:00+00:00,0.34563300013542175,0.3477190136909485,0.31843000650405884,0.329800009727478,1360480
2023-03-28 00:00:00+00:00,0.33024001121520996,0.33938300609588623,0.325764000415802,0.3347199857234955,660452
2023-03-29 00:00:00+00:00,0.3345400094985962,0.3463999927043915,0.3327150046825409,0.3445560038089752,1197431
2023-03-30 00:00:00+00:00,0.3445819914340973,0.3634769916534424,0.32925501465797424,0.35948801040649414,2853793
2023-03-31 00:00:00+00:00,0.3594369888305664,0.36580801010131836,0.3524799942970276,0.3608730137348175,2229825
2023-04-01 00:00:00+00:00,0.3612230122089386,0.393873006105423,0.35192999243736267,0.37987199425697327,3655587
2023-04-02 00:00:00+00:00,0.3835119903087616,0.38679400086402893,0.3521899878978729,0.3572719991207123,3018294
2023-04-03 00:00:00+00:00,0.3573969900608063,0.36630600690841675,0.3422990143299103,0.3480449914932251,1809868
2023-04-04 00:00:00+00:00,0.3481859862804413,0.3586849868297577,0.34391000866889954,0.3521200120449066,1157977
2023-04-05 00:00:00+00:00,0.3522239923477173,0.36068299412727356,0.3439759910106659,0.3510560095310211,1800610
2023-04-06 00:00:00+00:00,0.3509710133075714,0.3509710133075714,0.33791500329971313,0.3395810127258301,1300043
2023-04-07 00:00:00+00:00,0.33956000208854675,0.3418560028076172,0.33281800150871277,0.3359000086784363,1138736
2023-04-08 00:00:00+00:00,0.33595898747444153,0.33967500925064087,0.33242300152778625,0.33535099029541016,601327
2023-04-09 00:00:00+00:00,0.3354170024394989,0.35401201248168945,0.33369699120521545,0.345209002494812,1488537
2023-04-10 00:00:00+00:00,0.34502100944519043,0.3467569947242737,0.3390580117702484,0.34515899419784546,1023005
2023-04-11 00:00:00+00:00,0.3449600040912628,0.34976300597190857,0.3435930013656616,0.3442319929599762,1081056
2023-04-12 00:00:00+00:00,0.3445329964160919,0.34605398774147034,0.33243700861930847,0.3421649932861328,794460
2023-04-13 00:00:00+00:00,0.3429970145225525,0.35095199942588806,0.33992999792099,0.3476110100746155,677744
2023-04-14 00:00:00+00:00,0.3477360010147095,0.3583050072193146,0.34615400433540344,0.3577040135860443,961589
2023-04-15 00:00:00+00:00,0.3577460050582886,0.3584739863872528,0.35106900334358215,0.35383400321006775,802893
2023-04-16 00:00:00+00:00,0.35376599431037903,0.3623049855232239,0.34779998660087585,0.3581629991531372,665478
2023-04-17 00:00:00+00:00,0.35813501477241516,0.3581880033016205,0.34588301181793213,0.34870898723602295,581761
2023-04-18 00:00:00+00:00,0.34872299432754517,0.355881005525589,0.3433249890804291,0.3510960042476654,648650
2023-04-19 00:00:00+00:00,0.3510960042476654,0.3535659909248352,0.29879599809646606,0.3052459955215454,1938008
2023-04-20 00:00:00+00:00,0.3051930069923401,0.309688001871109,0.2924419939517975,0.2995319962501526,659831
2023-04-21 00:00:00+00:00,0.29877999424934387,0.30002498626708984,0.264710009098053,0.2707130014896393,841705
2023-04-22 00:00:00+00:00,0.270781010389328,0.2779560089111328,0.2705729901790619,0.2735849916934967,540202
2023-04-23 00:00:00+00:00,0.2737100124359131,0.27484801411628723,0.26370900869369507,0.26796600222587585,514845
2023-04-24 00:00:00+00:00,0.26783400774002075,0.2954249978065491,0.2624549865722656,0.28524699807167053,1609894
2023-04-25 00:00:00+00:00,0.28522399067878723,0.2888390123844147,0.27839601039886475,0.28167998790740967,1221504
2023-04-26 00:00:00+00:00,0.28172099590301514,0.2988229990005493,0.2723419964313507,0.2808449864387512,1281004
2023-04-27 00:00:00+00:00,0.2806609869003296,0.29772499203681946,0.27933499217033386,0.29193198680877686,1059712
2023-04-28 00:00:00+00:00,0.2918899953365326,0.29627498984336853,0.2808449864387512,0.28123900294303894,697780
2023-04-29 00:00:00+00:00,0.2813040018081665,0.29414498805999756,0.27965500950813293,0.29193198680877686,597417
2023-04-30 00:00:00+00:00,0.29193198680877686,0.29580599069595337,0.287200003862381,0.289685994386673,532104
2023-05-01 00:00:00+00:00,0.2895280122756958,0.29154500365257263,0.2712160050868988,0.27617400884628296,579225
2023-05-02 00:00:00+00:00,0.27629101276397705,0.28438401222229004,0.271355003118515,0.28037700057029724,505263
2023-05-03 00:00:00+00:00,0.2804419994354248,0.2830609977245331,0.2696880102157593,0.2782680094242096,487219
2023-05-04 00:00:00+00:00,0.27812400460243225,0.2813760042190552,0.27437499165534973,0.27719199657440186,485494
2023-05-05 00:00:00+00:00,0.27746498584747314,0.2921310067176819,0.2752839922904968,0.28546398878097534,1128828
2023-05-06 00:00:00+00:00,0.28555598855018616,0.28772398829460144,0.2645910084247589,0.26742398738861084,698692
2023-05-07 00:00:00+00:00,0.2673789858818054,0.270220011472702,0.26443299651145935,0.2651660144329071,522138
2023-05-08 00:00:00+00:00,0.2650989890098572,0.27838799357414246,0.2528179883956909,0.257191002368927,1653438
2023-05-09 00:00:00+00:00,0.2570909857749939,0.2570919990539551,0.2422800064086914,0.2510409951210022,542688
2023-05-10 00:00:00+00:00,0.25085198879241943,0.2547680139541626,0.2340639978647232,0.2386779934167862,735680
2023-05-11 00:00:00+00:00,0.2381799966096878,0.2395090013742447,0.2164430022239685,0.21890099346637726,578361
2023-05-12 00:00:00+00:00,0.21891599893569946,0.21891899406909943,0.2026049941778183,0.21161000430583954,743176
2023-05-13 00:00:00+00:00,0.21152199804782867,0.2157920002937317,0.20716600120067596,0.2100140005350113,472319
2023-05-14 00:00:00+00:00,0.21004000306129456,0.21510300040245056,0.20657700300216675,0.20873300731182098,568383
2023-05-15 00:00:00+00:00,0.2091349959373474,0.2311280071735382,0.20571400225162506,0.22367900609970093,1018434
2023-05-16 00:00:00+00:00,0.22338199615478516,0.22643700242042542,0.21865999698638916,0.2242089956998825,671532
2023-05-17 00:00:00+00:00,0.22417500615119934,0.22688999772071838,0.21629099547863007,0.22538800537586212,672528
2023-05-18 00:00:00+00:00,0.2253430038690567,0.2322620004415512,0.21542499959468842,0.21995000541210175,931745
2023-05-19 00:00:00+00:00,0.22019000351428986,0.220893993973732,0.21629099547863007,0.2169940024614334,485149
2023-05-20 00:00:00+00:00,0.21697300672531128,0.22185200452804565,0.21524100005626678,0.2205909937620163,497161
2023-05-21 00:00:00+00:00,0.22067700326442719,0.22781600058078766,0.21917399764060974,0.22029699385166168,1020065
2023-05-22 00:00:00+00:00,0.2202170044183731,0.22720099985599518,0.21591299772262573,0.2214220017194748,741998
2023-05-23 00:00:00+00:00,0.2217089980840683,0.23034800589084625,0.22012099623680115,0.22303999960422516,731355
2023-05-24 00:00:00+00:00,0.22305600345134735,0.2232999950647354,0.2131350040435791,0.21578000485897064,737738
2023-05-25 00:00:00+00:00,0.2158070057630539,0.21929199993610382,0.21063199639320374,0.21690300107002258,733493
2023-05-26 00:00:00+00:00,0.21689899265766144,0.22114799916744232,0.2149129956960678,0.21736299991607666,494416
2023-05-27 00:00:00+00:00,0.21742500364780426,0.22258099913597107,0.21614600718021393,0.21926599740982056,622291
2023-05-28 00:00:00+00:00,0.21958200633525848,0.2270369976758957,0.21825900673866272,0.22702699899673462,520397
2023-05-29 00:00:00+00:00,0.22676900029182434,0.22788399457931519,0.21990300714969635,0.22019100189208984,490500
2023-05-30 00:00:00+00:00,0.22025799751281738,0.22294899821281433,0.21771299839019775,0.2193939983844757,462270
2023-05-31 00:00:00+00:00,0.21944600343704224,0.2203350067138672,0.20736899971961975,0.20906099677085876,502208
2023-06-01 00:00:00+00:00,0.209088996052742,0.21058699488639832,0.2047480046749115,0.20558099448680878,483446
2023-06-02 00:00:00+00:00,0.20554499328136444,0.20874400436878204,0.20339199900627136,0.20772700011730194,514396
2023-06-03 00:00:00+00:00,0.20757199823856354,0.2312539964914322,0.20698900520801544,0.23086899518966675,728401
2023-06-04 00:00:00+00:00,0.2304069995880127,0.2550800144672394,0.22655999660491943,0.23484300076961517,1767527
2023-06-05 00:00:00+00:00,0.23482899367809296,0.23975999653339386,0.18632599711418152,0.1899220049381256,1164165
2023-06-06 00:00:00+00:00,0.1898989975452423,0.20456600189208984,0.18717700242996216,0.20230500400066376,685484
2023-06-07 00:00:00+00:00,0.2022559940814972,0.20239999890327454,0.18519900739192963,0.1871030032634735,582886
2023-06-08 00:00:00+00:00,0.186939999461174,0.191212996840477,0.1852709949016571,0.18818999826908112,541076
2023-06-09 00:00:00+00:00,0.18772999942302704,0.19066999852657318,0.1828480064868927,0.18370799720287323,608110
2023-06-10 00:00:00+00:00,0.1835869997739792,0.18422800302505493,0.11988300085067749,0.12495999783277512,2083607
2023-06-11 00:00:00+00:00,0.12511000037193298,0.128603994846344,0.12099999934434891,0.12404999881982803,929019
2023-06-12 00:00:00+00:00,0.12405700236558914,0.12405700236558914,0.12052000313997269,0.1231440007686615,616294
2023-06-13 00:00:00+00:00,0.12350600212812424,0.12449800223112106,0.11982499808073044,0.12048900127410889,565922
2023-06-14 00:00:00+00:00,0.1204880028963089,0.12272399663925171,0.10886699706315994,0.11072199791669846,644899
2023-06-15 00:00:00+00:00,0.11094500124454498,0.11272499710321426,0.10603699833154678,0.11257100105285645,615190
2023-06-16 00:00:00+00:00,0.11257100105285645,0.11287800222635269,0.10367999970912933,0.10659100115299225,679237
2023-06-17 00:00:00+00:00,0.10657700151205063,0.10974100232124329,0.10437799990177155,0.1046840026974678,563351
2023-06-18 00:00:00+00:00,0.10467900335788727,0.11920200288295746,0.10382600128650665,0.11382299661636353,1256882
2023-06-19 00:00:00+00:00,0.11384999752044678,0.1140189990401268,0.1077909991145134,0.10852299630641937,699777
2023-06-20 00:00:00+00:00,0.10844600200653076,0.11475100368261337,0.10597500205039978,0.11220099776983261,658949
2023-06-21 00:00:00+00:00,0.11220400035381317,0.12954699993133545,0.11111299693584442,0.12836499512195587,1361838
2023-06-22 00:00:00+00:00,0.12831200659275055,0.16185900568962097,0.12724600732326508,0.13438500463962555,3677998
2023-06-23 00:00:00+00:00,0.1344130039215088,0.13988199830055237,0.13233700394630432,0.1370840072631836,1137217
2023-06-24 00:00:00+00:00,0.1371060013771057,0.13880400359630585,0.1303270012140274,0.13207000494003296,795821
2023-06-25 00:00:00+00:00,0.13206599652767181,0.1368110030889511,0.1277250051498413,0.12906500697135925,630272
2023-06-26 00:00:00+00:00,0.12905199825763702,0.12934599816799164,0.11996699869632721,0.12051799893379211,541877
2023-06-27 00:00:00+00:00,0.12050600349903107,0.12538599967956543,0.1131490021944046,0.11454399675130844,761846
2023-06-28 00:00:00+00:00,0.11449799686670303,0.12331199645996094,0.11170800030231476,0.11283800005912781,987794
2023-06-29 00:00:00+00:00,0.11292299628257751,0.2541930079460144,0.11165899783372879,0.16287000477313995,5289056
2023-06-30 00:00:00+00:00,0.16290000081062317,0.17031900584697723,0.13829299807548523,0.15613499283790588,6067574
2023-07-01 00:00:00+00:00,0.15629099309444427,0.22922299802303314,0.15194100141525269,0.19613200426101685,7883084
2023-07-02 00:00:00+00:00,0.19618099927902222,0.2000180035829544,0.18007799983024597,0.18797799944877625,4412487
2023-07-03 00:00:00+00:00,0.18801100552082062,0.2050980031490326,0.18131199479103088,0.182545006275177,2769399
2023-07-04 00:00:00+00:00,0.18254299461841583,0.19497300684452057,0.17031699419021606,0.17338800430297852,1892043
2023-07-05 00:00:00+00:00,0.17340800166130066,0.17976200580596924,0.14798499643802643,0.15225200355052948,1557747
2023-07-06 00:00:00+00:00,0.15222300589084625,0.1597920060157776,0.1441269963979721,0.1441269963979721,1305594
2023-07-07 00:00:00+00:00,0.14414599537849426,0.1558379977941513,0.13959600031375885,0.14953699707984924,1483979
2023-07-08 00:00:00+00:00,0.14964500069618225,0.16217899322509766,0.1489820033311844,0.15815599262714386,1663849
2023-07-09 00:00:00+00:00,0.158160999417305,0.16655200719833374,0.1546649932861328,0.1546649932861328,1300131
2023-07-10 00:00:00+00:00,0.1546580046415329,0.16108499467372894,0.1515759974718094,0.15772999823093414,945066
2023-07-11 00:00:00+00:00,0.1577329933643341,0.16187800467014313,0.1549150049686432,0.1553640067577362,839841
2023-07-12 00:00:00+00:00,0.1553570032119751,0.16105599701404572,0.15502600371837616,0.15577499568462372,785316
2023-07-13 00:00:00+00:00,0.1557680070400238,0.1789190024137497,0.1486310064792633,0.17624199390411377,2368399
2023-07-14 00:00:00+00:00,0.17622700333595276,0.18546099960803986,0.16485300660133362,0.17041200399398804,1330176
2023-07-15 00:00:00+00:00,0.17039699852466583,0.17306099832057953,0.16782699525356293,0.16985900700092316,608503
2023-07-16 00:00:00+00:00,0.16984300315380096,0.17091800272464752,0.1613759994506836,0.16180500388145447,640618
2023-07-17 00:00:00+00:00,0.1618420034646988,0.1736370027065277,0.15372499823570251,0.1705780029296875,1264648
2023-07-18 00:00:00+00:00,0.17056700587272644,0.17724500596523285,0.16118599474430084,0.16608600318431854,1464586
2023-07-19 00:00:00+00:00,0.16608400642871857,0.16945500671863556,0.16375699639320374,0.1662839949131012,654412
2023-07-20 00:00:00+00:00,0.16627900302410126,0.1714469939470291,0.16405999660491943,0.1654359996318817,583310
2023-07-21 00:00:00+00:00,0.16543500125408173,0.16822099685668945,0.16266700625419617,0.16376300156116486,601605
2023-07-22 00:00:00+00:00,0.16386699676513672,0.17748099565505981,0.16366399824619293,0.16875000298023224,1287755
2023-07-23 00:00:00+00:00,0.16877900063991547,0.1812880039215088,0.1685909926891327,0.17819200456142426,1022147
2023-07-24 00:00:00+00:00,0.17822200059890747,0.17908300459384918,0.1621450036764145,0.16311299800872803,888505
2023-07-25 00:00:00+00:00,0.16311399638652802,0.16742099821567535,0.15901799499988556,0.16418500244617462,1288915
2023-07-26 00:00:00+00:00,0.16418799757957458,0.1652269959449768,0.16122199594974518,0.16167500615119934,590737
2023-07-27 00:00:00+00:00,0.16168099641799927,0.17006400227546692,0.16150200366973877,0.1640399992465973,739876
2023-07-28 00:00:00+00:00,0.16402100026607513,0.18155600130558014,0.1624470055103302,0.17476500570774078,1432359
2023-07-29 00:00:00+00:00,0.17472399771213531,0.20150500535964966,0.17375700175762177,0.19279499351978302,2563108
2023-07-30 00:00:00+00:00,0.19281400740146637,0.19489100575447083,0.17678800225257874,0.17874599993228912,1547026
2023-07-31 00:00:00+00:00,0.1787330061197281,0.18013599514961243,0.17380300164222717,0.17727899551391602,997811
2023-08-01 00:00:00+00:00,0.17736800014972687,0.17886899411678314,0.1701519936323166,0.17820900678634644,1426289
2023-08-02 00:00:00+00:00,0.17823299765586853,0.17838899791240692,0.16888999938964844,0.171984001994133,1362444
2023-08-03 00:00:00+00:00,0.17213700711727142,0.1749570071697235,0.1677670031785965,0.16811899840831757,1524053
2023-08-04 00:00:00+00:00,0.16809499263763428,0.16913500428199768,0.15642400085926056,0.1583150029182434,1110432
2023-08-05 00:00:00+00:00,0.15832099318504333,0.16031399369239807,0.1555349975824356,0.15944799780845642,854787
2023-08-06 00:00:00+00:00,0.15997999906539917,0.16174499690532684,0.15160399675369263,0.15172800421714783,1298703
2023-08-07 00:00:00+00:00,0.15173299610614777,0.15471599996089935,0.14869500696659088,0.1500129997730255,819357
2023-08-08 00:00:00+00:00,0.14999699592590332,0.1525540053844452,0.14906999468803406,0.15125100314617157,726057
2023-08-09 00:00:00+00:00,0.15125100314617157,0.15801100432872772,0.14990299940109253,0.15603800117969513,1122980
2023-08-10 00:00:00+00:00,0.156031996011734,0.1580120027065277,0.15158399939537048,0.15573899447917938,1384130
2023-08-11 00:00:00+00:00,0.15575000643730164,0.16341200470924377,0.15483400225639343,0.1626800000667572,2338927
2023-08-12 00:00:00+00:00,0.16267000138759613,0.1695680022239685,0.16072699427604675,0.16102899610996246,1959042
2023-08-13 00:00:00+00:00,0.16105200350284576,0.16331300139427185,0.15763099491596222,0.15848900377750397,1323900
2023-08-14 00:00:00+00:00,0.15848900377750397,0.16414199769496918,0.15819500386714935,0.1632629930973053,944428
2023-08-15 00:00:00+00:00,0.16326600313186646,0.1632699966430664,0.14636799693107605,0.14858700335025787,1017760
2023-08-16 00:00:00+00:00,0.14858600497245789,0.1495639979839325,0.13519300520420074,0.1360889971256256,892302
2023-08-17 00:00:00+00:00,0.1360750049352646,0.1378059983253479,0.1111460030078888,0.11799000203609467,924002
2023-08-18 00:00:00+00:00,0.1180030032992363,0.11970599740743637,0.11391100287437439,0.11766500025987625,920370
2023-08-19 00:00:00+00:00,0.11767899990081787,0.12245699763298035,0.11766500025987625,0.12118499726057053,841649
2023-08-20 00:00:00+00:00,0.12118600308895111,0.12139400094747543,0.11892300099134445,0.1200449988245964,732485
2023-08-21 00:00:00+00:00,0.12003900110721588,0.1212960034608841,0.11642999947071075,0.11874700337648392,757351
2023-08-22 00:00:00+00:00,0.11873699724674225,0.11973100155591965,0.11322300136089325,0.11682900041341782,770013
2023-08-23 00:00:00+00:00,0.11682900041341782,0.12470699846744537,0.11499200016260147,0.1216680034995079,844473
2023-08-24 00:00:00+00:00,0.12173499912023544,0.127702996134758,0.11790700256824493,0.127128005027771,1206756
2023-08-25 00:00:00+00:00,0.1271750032901764,0.1325950026512146,0.1217460036277771,0.1269800066947937,1340159
2023-08-26 00:00:00+00:00,0.12697799503803253,0.12849800288677216,0.12178699672222137,0.12183699756860733,883645
2023-08-27 00:00:00+00:00,0.12184400111436844,0.12458500266075134,0.12130100280046463,0.12437800318002701,710878
2023-08-28 00:00:00+00:00,0.12437199801206589,0.12985500693321228,0.12372100353240967,0.12499900162220001,896753
2023-08-29 00:00:00+00:00,0.12500399351119995,0.1301490068435669,0.12242300063371658,0.12771600484848022,749235
2023-08-30 00:00:00+00:00,0.12774500250816345,0.13330499827861786,0.12533199787139893,0.12999099493026733,766180
2023-08-31 00:00:00+00:00,0.13006199896335602,0.13915300369262695,0.12660600244998932,0.1268240064382553,1305526
2023-09-01 00:00:00+00:00,0.12683700025081635,0.128711998462677,0.12170799821615219,0.12515300512313843,804928
2023-09-02 00:00:00+00:00,0.1251560002565384,0.13695399463176727,0.12394700199365616,0.13613200187683105,959557
2023-09-03 00:00:00+00:00,0.1361510008573532,0.13742800056934357,0.1246969997882843,0.1254040002822876,795165
2023-09-04 00:00:00+00:00,0.12536999583244324,0.1267710030078888,0.12409599870443344,0.12671799957752228,716904
2023-09-05 00:00:00+00:00,0.1267080008983612,0.13086099922657013,0.12465599924325943,0.12544499337673187,735732
2023-09-06 00:00:00+00:00,0.12543700635433197,0.15198199450969696,0.1250859946012497,0.13898999989032745,2378795
2023-09-07 00:00:00+00:00,0.13898499310016632,0.14330199360847473,0.13404199481010437,0.13853900134563446,924957
2023-09-08 00:00:00+00:00,0.13863900303840637,0.15174399316310883,0.13600100576877594,0.15072999894618988,1825077
2023-09-09 00:00:00+00:00,0.15074299275875092,0.15774600207805634,0.1446859985589981,0.14792999625205994,1590388
2023-09-10 00:00:00+00:00,0.14788100123405457,0.14826700091362,0.1344269961118698,0.1467449963092804,1464650
2023-09-11 00:00:00+00:00,0.14690400660037994,0.1491979956626892,0.13638700544834137,0.14432699978351593,1623618
2023-09-12 00:00:00+00:00,0.1443299949169159,0.14832499623298645,0.13989800214767456,0.1409430056810379,1065742
2023-09-13 00:00:00+00:00,0.14094200730323792,0.1479559987783432,0.13644400238990784,0.14794699847698212,1358515
2023-09-14 00:00:00+00:00,0.14794699847698212,0.14865300059318542,0.1445859968662262,0.14573800563812256,1004583
2023-09-15 00:00:00+00:00,0.14573100209236145,0.1473349928855896,0.14188900589942932,0.14395099878311157,824112
2023-09-16 00:00:00+00:00,0.1439419984817505,0.1458979994058609,0.13975700736045837,0.14208100736141205,795301
2023-09-17 00:00:00+00:00,0.14205099642276764,0.14216400682926178,0.13607099652290344,0.1371379941701889,760079
2023-09-18 00:00:00+00:00,0.13711799681186676,0.14021199941635132,0.13632400333881378,0.13847699761390686,731557
2023-09-19 00:00:00+00:00,0.13843899965286255,0.14049799740314484,0.13755899667739868,0.13834699988365173,718442
2023-09-20 00:00:00+00:00,0.13834699988365173,0.14386199414730072,0.13834699988365173,0.14105699956417084,898547
2023-09-21 00:00:00+00:00,0.14101900160312653,0.14224599301815033,0.13683900237083435,0.13889800012111664,784525
2023-09-22 00:00:00+00:00,0.1389009952545166,0.14199799299240112,0.1373170018196106,0.1403769999742508,830511
2023-09-23 00:00:00+00:00,0.1403689980506897,0.1413390040397644,0.13728000223636627,0.13818299770355225,770728
2023-09-24 00:00:00+00:00,0.13818900287151337,0.14236299693584442,0.13509300351142883,0.14236299693584442,1041475
2023-09-25 00:00:00+00:00,0.14235499501228333,0.14393499493598938,0.13632600009441376,0.13860400021076202,1095287
2023-09-26 00:00:00+00:00,0.13860200345516205,0.14171099662780762,0.1373409926891327,0.1416970044374466,962854
2023-09-27 00:00:00+00:00,0.1417350023984909,0.16134299337863922,0.1384589970111847,0.14622299373149872,1424483
2023-09-28 00:00:00+00:00,0.14622099697589874,0.1526709944009781,0.1454859972000122,0.14771099388599396,1065861
2023-09-29 00:00:00+00:00,0.14775800704956055,0.16211099922657013,0.14668400585651398,0.1596439927816391,1235450
2023-09-30 00:00:00+00:00,0.1596670001745224,0.15971200168132782,0.15144400298595428,0.15362299978733063,975033
2023-10-01 00:00:00+00:00,0.15358899533748627,0.157833993434906,0.15246400237083435,0.15778599679470062,861515
2023-10-02 00:00:00+00:00,0.15774600207805634,0.18391500413417816,0.1553259938955307,0.16700899600982666,1558507
2023-10-03 00:00:00+00:00,0.16697099804878235,0.16697099804878235,0.15405799448490143,0.15507499873638153,1036239
2023-10-04 00:00:00+00:00,0.15511399507522583,0.1566299945116043,0.148376002907753,0.15325899422168732,986849
2023-10-05 00:00:00+00:00,0.15326300263404846,0.15326499938964844,0.1471009999513626,0.14823800325393677,875127
2023-10-06 00:00:00+00:00,0.14824900031089783,0.15359200537204742,0.1473959982395172,0.1500360071659088,805763
2023-10-07 00:00:00+00:00,0.1500599980354309,0.151419997215271,0.14866000413894653,0.15021300315856934,767770
2023-10-08 00:00:00+00:00,0.15023499727249146,0.15039899945259094,0.14300699532032013,0.14385099709033966,943536
2023-10-09 00:00:00+00:00,0.14388300478458405,0.14430099725723267,0.13131800293922424,0.1315149962902069,1032569
2023-10-10 00:00:00+00:00,0.13154199719429016,0.1335739940404892,0.12902800738811493,0.1312759965658188,877543
2023-10-11 00:00:00+00:00,0.1312749981880188,0.1312749981880188,0.12635700404644012,0.1286509931087494,852286
2023-10-12 00:00:00+00:00,0.12864899635314941,0.1296900063753128,0.12587499618530273,0.12806299328804016,670869
2023-10-13 00:00:00+00:00,0.12807199358940125,0.13370099663734436,0.12680499255657196,0.13121500611305237,888972
2023-10-14 00:00:00+00:00,0.1312430053949356,0.13350699841976166,0.1308480054140091,0.13307300209999084,589548
2023-10-15 00:00:00+00:00,0.13308699429035187,0.1486240029335022,0.1317799985408783,0.14385400712490082,1765409
2023-10-16 00:00:00+00:00,0.14396299421787262,0.1545870006084442,0.1419990062713623,0.14600299298763275,1990881
2023-10-17 00:00:00+00:00,0.14597700536251068,0.14667800068855286,0.1397009938955307,0.14059799909591675,1005073
2023-10-18 00:00:00+00:00,0.14060699939727783,0.14167700707912445,0.13560500741004944,0.1360670030117035,951530
2023-10-19 00:00:00+00:00,0.13607199490070343,0.15036599338054657,0.13383500277996063,0.1446080058813095,1462063
2023-10-20 00:00:00+00:00,0.1445939987897873,0.14960600435733795,0.13954000174999237,0.14181500673294067,1134863
2023-10-21 00:00:00+00:00,0.14179599285125732,0.15145300328731537,0.1410219967365265,0.1456570029258728,861790
2023-10-22 00:00:00+00:00,0.1456110030412674,0.17597199976444244,0.14257000386714935,0.16996900737285614,2886967
2023-10-23 00:00:00+00:00,0.1698099970817566,0.17903399467468262,0.1520259976387024,0.16074199974536896,2621431
2023-10-24 00:00:00+00:00,0.1607459932565689,0.17248199880123138,0.15081900358200073,0.15497100353240967,1562977
2023-10-25 00:00:00+00:00,0.15500999987125397,0.1952739953994751,0.15464800596237183,0.18333299458026886,2297728
2023-10-26 00:00:00+00:00,0.18335199356079102,0.2661829888820648,0.17941300570964813,0.25536900758743286,4962741
2023-10-27 00:00:00+00:00,0.255281001329422,0.32104000449180603,0.24932900071144104,0.2754470109939575,6668280
2023-10-28 00:00:00+00:00,0.27536699175834656,0.29012900590896606,0.24007299542427063,0.25286000967025757,3820904
2023-10-29 00:00:00+00:00,0.25292301177978516,0.2598569989204407,0.24221499264240265,0.2438569962978363,1457434
2023-10-30 00:00:00+00:00,0.243926003575325,0.25321701169013977,0.23543700575828552,0.24214400351047516,1647740
2023-10-31 00:00:00+00:00,0.2420949935913086,0.2435230016708374,0.2261350005865097,0.2291329950094223,1144285
2023-11-01 00:00:00+00:00,0.2291720062494278,0.24277600646018982,0.22480900585651398,0.24044500291347504,1459100
2023-11-02 00:00:00+00:00,0.24044600129127502,0.24588799476623535,0.21082699298858643,0.21445100009441376,1509201
2023-11-03 00:00:00+00:00,0.21440599858760834,0.21526999771595,0.20577099919319153,0.20788699388504028,1377006
2023-11-04 00:00:00+00:00,0.20814800262451172,0.22112900018692017,0.20814800262451172,0.20983600616455078,1448522
2023-11-05 00:00:00+00:00,0.20987500250339508,0.21928200125694275,0.2078939974308014,0.21078899502754211,1304740
2023-11-06 00:00:00+00:00,0.2108449935913086,0.2223999947309494,0.2106660008430481,0.21574099361896515,1233789
2023-11-07 00:00:00+00:00,0.2157900035381317,0.2160000056028366,0.20642200112342834,0.21408799290657043,1522454
2023-11-08 00:00:00+00:00,0.21408100426197052,0.25974899530410767,0.2118760049343109,0.2500990033149719,2604292
2023-11-09 00:00:00+00:00,0.2501699924468994,0.2660520076751709,0.21152199804782867,0.24157199263572693,3816077
2023-11-10 00:00:00+00:00,0.24164199829101562,0.31086400151252747,0.24123799800872803,0.30031898617744446,4443151
2023-11-11 00:00:00+00:00,0.300119012594223,0.3172520101070404,0.27623000741004944,0.28773900866508484,3463023
2023-11-12 00:00:00+00:00,0.287757009267807,0.29818201065063477,0.26724401116371155,0.2817319929599762,3120234
2023-11-13 00:00:00+00:00,0.28164899349212646,0.2872520089149475,0.24951200187206268,0.24951200187206268,2451623
2023-11-14 00:00:00+00:00,0.24934600293636322,0.25146999955177307,0.2307479977607727,0.2374899983406067,1687388
2023-11-15 00:00:00+00:00,0.23743100464344025,0.2514140009880066,0.23644299805164337,0.24588799476623535,1793569
2023-11-16 00:00:00+00:00,0.24585899710655212,0.25463399291038513,0.2382899969816208,0.24003499746322632,1806185
2023-11-17 00:00:00+00:00,0.24003799259662628,0.2445639967918396,0.2169879972934723,0.22096900641918182,1589907
2023-11-18 00:00:00+00:00,0.22100399434566498,0.23516599833965302,0.21638800203800201,0.2271050065755844,1821712
2023-11-19 00:00:00+00:00,0.2270510047674179,0.23440299928188324,0.21939900517463684,0.23023700714111328,1267316
2023-11-20 00:00:00+00:00,0.2302519977092743,0.2564130127429962,0.23012399673461914,0.2536349892616272,2847253
2023-11-21 00:00:00+00:00,0.25360798835754395,0.25699299573898315,0.21518099308013916,0.2164819985628128,2100957
2023-11-22 00:00:00+00:00,0.21641099452972412,0.23104499280452728,0.2157279998064041,0.2275799959897995,1302873
2023-11-23 00:00:00+00:00,0.22759799659252167,0.23859700560569763,0.227510005235672,0.23125700652599335,1596904
2023-11-24 00:00:00+00:00,0.23132699728012085,0.2448129951953888,0.23075200617313385,0.23371200263500214,1562563
2023-11-25 00:00:00+00:00,0.23369100689888,0.2588759958744049,0.23308099806308746,0.25051599740982056,1599183
2023-11-26 00:00:00+00:00,0.2505750060081482,0.2678939998149872,0.24542899429798126,0.2622849941253662,1686206
2023-11-27 00:00:00+00:00,0.26221999526023865,0.26980599761009216,0.2326429933309555,0.2399190068244934,1676217
2023-11-28 00:00:00+00:00,0.2399280071258545,0.24783499538898468,0.23466500639915466,0.24754799902439117,1376701
2023-11-29 00:00:00+00:00,0.24757200479507446,0.25765299797058105,0.24372300505638123,0.25188198685646057,1394123
2023-11-30 00:00:00+00:00,0.2518720030784607,0.2521030008792877,0.24286499619483948,0.24286499619483948,1301019
2023-12-01 00:00:00+00:00,0.24287399649620056,0.25022798776626587,0.24089600145816803,0.24211500585079193,1256958
2023-12-02 00:00:00+00:00,0.24210600554943085,0.2525619864463806,0.24210600554943085,0.2508620023727417,1389982
2023-12-03 00:00:00+00:00,0.2508409917354584,0.25243499875068665,0.2456350028514862,0.25008198618888855,1236536
2023-12-04 00:00:00+00:00,0.25014400482177734,0.25897398591041565,0.22624899446964264,0.23949100077152252,1937000
2023-12-05 00:00:00+00:00,0.23949599266052246,0.2420479953289032,0.2363789975643158,0.24164199829101562,1787006
2023-12-06 00:00:00+00:00,0.24161699414253235,0.2437330037355423,0.22482000291347504,0.22513699531555176,1510820
2023-12-07 00:00:00+00:00,0.22524100542068481,0.24167400598526,0.22524100542068481,0.23543299734592438,1657370
2023-12-08 00:00:00+00:00,0.23545700311660767,0.2455970048904419,0.23321199417114258,0.2444009929895401,1438591
2023-12-09 00:00:00+00:00,0.24436399340629578,0.29631200432777405,0.2421730011701584,0.279356986284256,2965232
2023-12-10 00:00:00+00:00,0.27928900718688965,0.32675299048423767,0.27730199694633484,0.2814970016479492,4464502
2023-12-11 00:00:00+00:00,0.2815859913825989,0.28433099389076233,0.25749799609184265,0.2611899971961975,1838973
2023-12-12 00:00:00+00:00,0.26125699281692505,0.27593401074409485,0.25647398829460144,0.2685529887676239,3394411
2023-12-13 00:00:00+00:00,0.2685239911079407,0.29310598969459534,0.2568739950656891,0.2781819999217987,2178373
2023-12-14 00:00:00+00:00,0.27820101380348206,0.2816540002822876,0.2711780071258545,0.27170199155807495,1637435
2023-12-15 00:00:00+00:00,0.2716909945011139,0.28235599398612976,0.25985801219940186,0.25985801219940186,1534863
2023-12-16 00:00:00+00:00,0.2598460018634796,0.2728790044784546,0.25768598914146423,0.27137601375579834,1236264
2023-12-17 00:00:00+00:00,0.27141499519348145,0.2829749882221222,0.2577030062675476,0.2593800127506256,1420456
2023-12-18 00:00:00+00:00,0.25930100679397583,0.2611910104751587,0.24182699620723724,0.2524079978466034,1472259
2023-12-19 00:00:00+00:00,0.25243398547172546,0.2562809884548187,0.2461259961128235,0.25024500489234924,1359186
2023-12-20 00:00:00+00:00,0.25030601024627686,0.2578839957714081,0.2437410056591034,0.24434100091457367,1204268
2023-12-21 00:00:00+00:00,0.24437500536441803,0.24698799848556519,0.2390490025281906,0.24056200683116913,1255526
2023-12-22 00:00:00+00:00,0.24057500064373016,0.24846599996089935,0.23888300359249115,0.24736599624156952,1239567
2023-12-23 00:00:00+00:00,0.24731799960136414,0.24878600239753723,0.24056200683116913,0.24603299796581268,1181533
2023-12-24 00:00:00+00:00,0.24575500190258026,0.24973799288272858,0.23924900591373444,0.24278099834918976,1217888
2023-12-25 00:00:00+00:00,0.24277499318122864,0.2521730065345764,0.23972800374031067,0.24814000725746155,1204306
2023-12-26 00:00:00+00:00,0.24808800220489502,0.27063998579978943,0.23491600155830383,0.24011699855327606,2473751
2023-12-27 00:00:00+00:00,0.24016399681568146,0.24708500504493713,0.23213699460029602,0.24289199709892273,1280552
2023-12-28 00:00:00+00:00,0.2429019957780838,0.2752000093460083,0.23288899660110474,0.2738730013370514,1949889
2023-12-29 00:00:00+00:00,0.27428901195526123,0.27780601382255554,0.23968200385570526,0.24695900082588196,2119901
2023-12-30 00:00:00+00:00,0.24695999920368195,0.2476010024547577,0.23852600157260895,0.24135300517082214,1174175
2023-12-31 00:00:00+00:00,0.24130399525165558,0.24407300353050232,0.22494100034236908,0.22828100621700287,1315001
2024-01-01 00:00:00+00:00,0.22826699912548065,0.23372100293636322,0.21959500014781952,0.2309570014476776,1261376
2024-01-02 00:00:00+00:00,0.23098699748516083,0.23887999355793,0.22391299903392792,0.22898000478744507,1432606
2024-01-03 00:00:00+00:00,0.22907200455665588,0.23483499884605408,0.17426399886608124,0.19223099946975708,1914225
2024-01-04 00:00:00+00:00,0.19221200048923492,0.204802006483078,0.19006800651550293,0.20089000463485718,1148854
2024-01-05 00:00:00+00:00,0.20089900493621826,0.2171120047569275,0.19076000154018402,0.20452600717544556,2258619
2024-01-06 00:00:00+00:00,0.20453199744224548,0.2126619964838028,0.18775400519371033,0.19634400308132172,1785356
2024-01-07 00:00:00+00:00,0.1963769942522049,0.20031799376010895,0.18531300127506256,0.18696899712085724,1359328
2024-01-08 00:00:00+00:00,0.186926007270813,0.19636599719524384,0.17063499987125397,0.1940619945526123,1612511
2024-01-09 00:00:00+00:00,0.194022998213768,0.1944659948348999,0.1794009953737259,0.1854500025510788,1474289
2024-01-10 00:00:00+00:00,0.18565499782562256,0.20364800095558167,0.18192000687122345,0.19997699558734894,1408788
2024-01-11 00:00:00+00:00,0.20001700520515442,0.20875300467014313,0.19576899707317352,0.20486000180244446,1419569
2024-01-12 00:00:00+00:00,0.2048570066690445,0.2072030007839203,0.18940000236034393,0.19560299813747406,1401961
2024-01-13 00:00:00+00:00,0.1955379992723465,0.21340599656105042,0.1909489929676056,0.20632599294185638,1639775
2024-01-14 00:00:00+00:00,0.20632599294185638,0.21085500717163086,0.19513200223445892,0.19542500376701355,1483051
2024-01-15 00:00:00+00:00,0.19542700052261353,0.2057490050792694,0.19542700052261353,0.20311300456523895,1641968
2024-01-16 00:00:00+00:00,0.20315299928188324,0.2121790051460266,0.20287400484085083,0.20765000581741333,1562157
2024-01-17 00:00:00+00:00,0.20764300227165222,0.20802800357341766,0.19761599600315094,0.1993349939584732,1402815
2024-01-18 00:00:00+00:00,0.1993190050125122,0.20742100477218628,0.18636099994182587,0.18920999765396118,1555814
2024-01-19 00:00:00+00:00,0.18920999765396118,0.19315800070762634,0.1788419932126999,0.1907700002193451,1545966
2024-01-20 00:00:00+00:00,0.1907700002193451,0.1938609927892685,0.18830199539661407,0.19329200685024261,1344151
2024-01-21 00:00:00+00:00,0.1933789998292923,0.23564399778842926,0.19044999778270721,0.20216000080108643,3680147
2024-01-22 00:00:00+00:00,0.20229199528694153,0.21373000741004944,0.18135100603103638,0.1825380027294159,2608129
2024-01-23 00:00:00+00:00,0.18285800516605377,0.1856440007686615,0.16978099942207336,0.1773180067539215,1719678
2024-01-24 00:00:00+00:00,0.1773180067539215,0.1814589947462082,0.17590400576591492,0.17885999381542206,1573150
2024-01-25 00:00:00+00:00,0.17879900336265564,0.17926500737667084,0.1699559986591339,0.1741890013217926,1614295
2024-01-26 00:00:00+00:00,0.1742130070924759,0.1868080049753189,0.1729000061750412,0.18490900099277496,1895419
2024-01-27 00:00:00+00:00,0.18490900099277496,0.1868000030517578,0.1805039942264557,0.18396399915218353,1634487
2024-01-28 00:00:00+00:00,0.18393400311470032,0.18900200724601746,0.17990300059318542,0.18163900077342987,1599420
2024-01-29 00:00:00+00:00,0.18169300258159637,0.18781499564647675,0.1807429939508438,0.1876630038022995,1675677
2024-01-30 00:00:00+00:00,0.1876630038022995,0.19159600138664246,0.18366700410842896,0.1842070072889328,1898741
2024-01-31 00:00:00+00:00,0.18420200049877167,0.18457800149917603,0.17688800394535065,0.17849400639533997,1412619
2024-02-01 00:00:00+00:00,0.17845700681209564,0.17937900125980377,0.17153899371623993,0.1759209930896759,1311905
2024-02-02 00:00:00+00:00,0.17619499564170837,0.18005700409412384,0.1754239946603775,0.17805899679660797,1185402
2024-02-03 00:00:00+00:00,0.178056001663208,0.17916199564933777,0.17609600722789764,0.1768919974565506,1158793
2024-02-04 00:00:00+00:00,0.17689299583435059,0.17701099812984467,0.172325998544693,0.17335699498653412,1001453
2024-02-05 00:00:00+00:00,0.17335699498653412,0.17813700437545776,0.17077000439167023,0.1736370027065277,1100348
2024-02-06 00:00:00+00:00,0.1736530065536499,0.17841100692749023,0.1736309975385666,0.17635999619960785,1073306
2024-02-07 00:00:00+00:00,0.17634299397468567,0.18312400579452515,0.17581099271774292,0.18295399844646454,1143170
2024-02-08 00:00:00+00:00,0.18294699490070343,0.18716299533843994,0.180294007062912,0.1833070069551468,1716192
2024-02-09 00:00:00+00:00,0.1833070069551468,0.19064000248908997,0.1833070069551468,0.1904579997062683,1154993
2024-02-10 00:00:00+00:00,0.1904579997062683,0.19473199546337128,0.18715299665927887,0.19248099625110626,1123028
2024-02-11 00:00:00+00:00,0.19249099493026733,0.19741499423980713,0.19180600345134735,0.19508500397205353,1129781
2024-02-12 00:00:00+00:00,0.19523100554943085,0.2101150006055832,0.19314900040626526,0.20006799697875977,1491389
2024-02-13 00:00:00+00:00,0.20008599758148193,0.20307500660419464,0.19528000056743622,0.1982329934835434,1137792
2024-02-14 00:00:00+00:00,0.1982329934835434,0.2054000049829483,0.19723500311374664,0.20428499579429626,1161009
2024-02-15 00:00:00+00:00,0.20426900684833527,0.20888200402259827,0.2001509964466095,0.20692700147628784,1186661
2024-02-16 00:00:00+00:00,0.2070239931344986,0.2088479995727539,0.20216700434684753,0.2050420045852661,1121116
2024-02-17 00:00:00+00:00,0.20499500632286072,0.21106399595737457,0.2002830058336258,0.2099349945783615,1313607
2024-02-18 00:00:00+00:00,0.2099359929561615,0.21369899809360504,0.20567800104618073,0.20934699475765228,1169272
2024-02-19 00:00:00+00:00,0.20935499668121338,0.2141440063714981,0.20884500443935394,0.21337200701236725,1149141
2024-02-20 00:00:00+00:00,0.21337200701236725,0.2178809940814972,0.20030200481414795,0.20918700098991394,1291908
2024-02-21 00:00:00+00:00,0.20918400585651398,0.21094100177288055,0.18847699463367462,0.19384099543094635,1266767
2024-02-22 00:00:00+00:00,0.19383899867534637,0.1952430009841919,0.18664400279521942,0.18664400279521942,1306142
2024-02-23 00:00:00+00:00,0.18673300743103027,0.1905909925699234,0.18421700596809387,0.18818299472332,1341734
2024-02-24 00:00:00+00:00,0.18823200464248657,0.19519199430942535,0.18503400683403015,0.19448299705982208,1301325
2024-02-25 00:00:00+00:00,0.19448299705982208,0.19582800567150116,0.19189000129699707,0.195810005068779,1280344
2024-02-26 00:00:00+00:00,0.1957699954509735,0.20177499949932098,0.1907230019569397,0.20101499557495117,1383771
2024-02-27 00:00:00+00:00,0.20101499557495117,0.22591400146484375,0.19953599572181702,0.21237599849700928,2048026
2024-02-28 00:00:00+00:00,0.21237799525260925,0.223580002784729,0.19764700531959534,0.2145020067691803,2240251
2024-02-29 00:00:00+00:00,0.21448299288749695,0.23640500009059906,0.21368800103664398,0.22525300085544586,1623922
2024-03-01 00:00:00+00:00,0.22518299520015717,0.24815799295902252,0.22500500082969666,0.23867499828338623,2094030
2024-03-02 00:00:00+00:00,0.23868200182914734,0.25060299038887024,0.23592500388622284,0.2482379972934723,1747878
2024-03-03 00:00:00+00:00,0.2483000010251999,0.26494100689888,0.23649799823760986,0.25139400362968445,2243369
2024-03-04 00:00:00+00:00,0.2513130009174347,0.26999300718307495,0.24615199863910675,0.25132399797439575,2875192
2024-03-05 00:00:00+00:00,0.25131699442863464,0.26353299617767334,0.22055499255657196,0.23888899385929108,2061672
2024-03-06 00:00:00+00:00,0.23889100551605225,0.2601589858531952,0.23082999885082245,0.2589470148086548,1698386
2024-03-07 00:00:00+00:00,0.2590959966182709,0.29077601432800293,0.2590959966182709,0.29026100039482117,2194918
2024-03-08 00:00:00+00:00,0.29028400778770447,0.3074699938297272,0.2732659876346588,0.2815510034561157,2250513
2024-03-09 00:00:00+00:00,0.2815679907798767,0.2873919904232025,0.27586600184440613,0.2761259973049164,1903010
2024-03-10 00:00:00+00:00,0.2761229872703552,0.2874090075492859,0.2688809931278229,0.27460798621177673,1804910
2024-03-11 00:00:00+00:00,0.27461299300193787,0.2966899871826172,0.26633399724960327,0.2963240146636963,2042928
2024-03-12 00:00:00+00:00,0.2963240146636963,0.3187839984893799,0.27737900614738464,0.288798987865448,2174375
2024-03-13 00:00:00+00:00,0.2887920141220093,0.2931230068206787,0.27000200748443604,0.2723200023174286,1394888
2024-03-14 00:00:00+00:00,0.2723720073699951,0.2743319869041443,0.2422419935464859,0.2572839856147766,2045023
2024-03-15 00:00:00+00:00,0.2572770118713379,0.25954699516296387,0.22966399788856506,0.24847400188446045,2097229
2024-03-16 00:00:00+00:00,0.24848000705242157,0.261337012052536,0.2292640060186386,0.23810699582099915,1899865
2024-03-17 00:00:00+00:00,0.23810699582099915,0.2544269859790802,0.23163500428199768,0.25077998638153076,1316814
2024-03-18 00:00:00+00:00,0.2507779896259308,0.2546730041503906,0.23462200164794922,0.23777300119400024,1356455
2024-03-19 00:00:00+00:00,0.23777300119400024,0.23955999314785004,0.19026899337768555,0.19586700201034546,1741427
2024-03-20 00:00:00+00:00,0.19601799547672272,0.20152899622917175,0.18349699676036835,0.20055599510669708,1639815
2024-03-21 00:00:00+00:00,0.20055599510669708,0.20661599934101105,0.19408999383449554,0.20063799619674683,2466106
2024-03-22 00:00:00+00:00,0.2006330043077469,0.20868100225925446,0.19829100370407104,0.20566999912261963,1825542
2024-03-23 00:00:00+00:00,0.2058439999818802,0.20997199416160583,0.2031629979610443,0.2034270018339157,1306119
2024-03-24 00:00:00+00:00,0.2034270018339157,0.20678099989891052,0.1995519995689392,0.2058359980583191,1405100
2024-03-25 00:00:00+00:00,0.20582500100135803,0.21931399405002594,0.20426900684833527,0.21888500452041626,1521029
2024-03-26 00:00:00+00:00,0.2188889980316162,0.24099500477313995,0.2188190072774887,0.23744900524616241,2373983
2024-03-27 00:00:00+00:00,0.23744900524616241,0.2447579950094223,0.2215919941663742,0.23040400445461273,1938491
2024-03-28 00:00:00+00:00,0.23034599423408508,0.3443929851055145,0.2303059995174408,0.2897709906101227,8878719
2024-03-29 00:00:00+00:00,0.290120005607605,0.2922849953174591,0.27355799078941345,0.2812359929084778,3357745
2024-03-30 00:00:00+00:00,0.2812359929084778,0.38679400086402893,0.27858099341392517,0.37195900082588196,7740307
2024-03-31 00:00:00+00:00,0.3721120059490204,0.41899898648262024,0.33825400471687317,0.34882399439811707,6200242
2024-04-01 00:00:00+00:00,0.34882399439811707,0.3525499999523163,0.29861000180244446,0.3043000102043152,3816967
2024-04-02 00:00:00+00:00,0.30430400371551514,0.30431699752807617,0.2671090066432953,0.2671149969100952,2888146
2024-04-03 00:00:00+00:00,0.26711300015449524,0.3094410002231598,0.25984901189804077,0.26666998863220215,3931651
2024-04-04 00:00:00+00:00,0.26666998863220215,0.26890599727630615,0.24603299796581268,0.2512170076370239,2749752
2024-04-05 00:00:00+00:00,0.25142401456832886,0.25142401456832886,0.23012100160121918,0.24123600125312805,2240585
2024-04-06 00:00:00+00:00,0.24136300384998322,0.2452320009469986,0.224713996052742,0.2331250011920929,2202948
2024-04-07 00:00:00+00:00,0.23305000364780426,0.23900200426578522,0.23130300641059875,0.23428599536418915,1921246
2024-04-08 00:00:00+00:00,0.2342900037765503,0.2404009997844696,0.22895599901676178,0.2364950031042099,2302443
2024-04-09 00:00:00+00:00,0.2364950031042099,0.23747900128364563,0.21277999877929688,0.2131749987602234,1898585
2024-04-10 00:00:00+00:00,0.2131669968366623,0.21523599326610565,0.2006019949913025,0.2115200012922287,1724295
2024-04-11 00:00:00+00:00,0.21139800548553467,0.21415500342845917,0.20297500491142273,0.20732100307941437,1629719
2024-04-12 00:00:00+00:00,0.20729699730873108,0.21001799404621124,0.14482200145721436,0.1649480015039444,3148381
2024-04-13 00:00:00+00:00,0.16485199332237244,0.1657630056142807,0.11957400292158127,0.13571199774742126,2487069
2024-04-14 00:00:00+00:00,0.13547499477863312,0.1452990025281906,0.12953799962997437,0.14420300722122192,1587089
2024-04-15 00:00:00+00:00,0.14419899880886078,0.16146600246429443,0.14072200655937195,0.14806899428367615,2061257
2024-04-16 00:00:00+00:00,0.14807100594043732,0.16113099455833435,0.1413239985704422,0.1532759964466095,1869139
2024-04-17 00:00:00+00:00,0.1533060073852539,0.15670299530029297,0.14205799996852875,0.15098300576210022,1507546
2024-04-18 00:00:00+00:00,0.15098300576210022,0.15655699372291565,0.14359299838542938,0.15487299859523773,1518915
2024-04-19 00:00:00+00:00,0.15487299859523773,0.15487299859523773,0.14273199439048767,0.14844200015068054,1376467
2024-04-20 00:00:00+00:00,0.14843900501728058,0.17308300733566284,0.1474830061197281,0.16813500225543976,1648274
2024-04-21 00:00:00+00:00,0.16813500225543976,0.16960099339485168,0.16184000670909882,0.16472400724887848,1439573
2024-04-22 00:00:00+00:00,0.16472400724887848,0.16916599869728088,0.16270600259304047,0.16680100560188293,1263956
2024-04-23 00:00:00+00:00,0.16680100560188293,0.16744600236415863,0.15621599555015564,0.15695999562740326,1409569
2024-04-24 00:00:00+00:00,0.15692700445652008,0.16209399700164795,0.1481820046901703,0.15036199986934662,1424534
2024-04-25 00:00:00+00:00,0.15036499500274658,0.16333399713039398,0.14727100729942322,0.1597920060157776,1695527
2024-04-26 00:00:00+00:00,0.1597920060157776,0.161421999335289,0.1478469967842102,0.14885500073432922,1468395
2024-04-27 00:00:00+00:00,0.14885500073432922,0.15100599825382233,0.14323599636554718,0.14951500296592712,1259028
2024-04-28 00:00:00+00:00,0.14951500296592712,0.15546099841594696,0.14874300360679626,0.14906799793243408,1239315
2024-04-29 00:00:00+00:00,0.14906799793243408,0.15051400661468506,0.14205299317836761,0.1472489982843399,1175311
2024-04-30 00:00:00+00:00,0.1472489982843399,0.1495939940214157,0.12935300171375275,0.13817700743675232,2036350
2024-05-01 00:00:00+00:00,0.1381780058145523,0.38776201009750366,0.13583700358867645,0.3045180141925812,22009038
2024-05-02 00:00:00+00:00,0.3045180141925812,0.3255870044231415,0.20433999598026276,0.24811099469661713,18925109
2024-05-03 00:00:00+00:00,0.24819700419902802,0.2602260112762451,0.21711599826812744,0.22028100490570068,7647753
2024-05-04 00:00:00+00:00,0.2202800065279007,0.3358440101146698,0.21554900705814362,0.32073500752449036,13401935
2024-05-05 00:00:00+00:00,0.32058200240135193,0.6182370185852051,0.29961198568344116,0.5701190233230591,60654048
2024-05-06 00:00:00+00:00,0.570110023021698,0.6548609733581543,0.5123260021209717,0.5378770232200623,62294439
2024-05-07 00:00:00+00:00,0.5378770232200623,0.5972319841384888,0.4912880063056946,0.5598729848861694,36219040
2024-05-08 00:00:00+00:00,0.5598729848861694,0.9458339810371399,0.530584990978241,0.8996930122375488,87566306
2024-05-09 00:00:00+00:00,0.8996930122375488,0.9925990104675293,0.7682819962501526,0.9037259817123413,92814817
2024-05-10 00:00:00+00:00,0.9037700295448303,1.062072992324829,0.868586003780365,0.9091820120811462,70588228
2024-05-11 00:00:00+00:00,0.9091820120811462,0.979578971862793,0.868395984172821,0.9148370027542114,35467055
2024-05-12 00:00:00+00:00,0.9148370027542114,0.9286980032920837,0.7597429752349854,0.7675920128822327,29542094
2024-05-13 00:00:00+00:00,0.7675920128822327,0.7886090278625488,0.6772840023040771,0.7469750046730042,32283551
2024-05-14 00:00:00+00:00,0.7469750046730042,0.8087520003318787,0.6923040151596069,0.6989499926567078,27420157
2024-05-15 00:00:00+00:00,0.6989499926567078,0.7065290212631226,0.6396399736404419,0.6799209713935852,17540153
2024-05-16 00:00:00+00:00,0.679967999458313,0.7006850242614746,0.5974010229110718,0.6425049901008606,15724202
2024-05-17 00:00:00+00:00,0.6425049901008606,0.6708899736404419,0.6157680153846741,0.658715009689331,10244669
2024-05-18 00:00:00+00:00,0.658715009689331,0.6587179899215698,0.6007810235023499,0.6099749803543091,9365536
2024-05-19 00:00:00+00:00,0.6099799871444702,0.6567620038986206,0.5718780159950256,0.6377540230751038,13392337
2024-05-20 00:00:00+00:00,0.6377540230751038,0.6461459994316101,0.5692909955978394,0.5969409942626953,12487831
2024-05-21 00:00:00+00:00,0.5968869924545288,0.6051980257034302,0.5555300116539001,0.5555300116539001,7454849
2024-05-22 00:00:00+00:00,0.5555310249328613,0.5980920195579529,0.5446950197219849,0.5468180179595947,10786624
2024-05-23 00:00:00+00:00,0.5466449856758118,0.5638599991798401,0.5117369890213013,0.5363190174102783,9313331
2024-05-24 00:00:00+00:00,0.536529004573822,1.4669040441513062,0.533827006816864,1.3257590532302856,119670005
2024-05-25 00:00:00+00:00,1.3257009983062744,1.4656870365142822,1.0441299676895142,1.1537539958953857,95803010
2024-05-26 00:00:00+00:00,1.15276300907135,1.6044470071792603,1.1211769580841064,1.4783979654312134,103162916
2024-05-27 00:00:00+00:00,1.4781229496002197,1.6448160409927368,1.1607129573822021,1.2270909547805786,64849803
2024-05-28 00:00:00+00:00,1.2219820022583008,1.6398119926452637,1.1941230297088623,1.4090650081634521,88987287
2024-05-29 00:00:00+00:00,1.4116319417953491,1.5041569471359253,1.2562719583511353,1.2801300287246704,32073441
2024-05-30 00:00:00+00:00,1.2801059484481812,1.394281029701233,1.1364079713821411,1.1980630159378052,25062657
2024-05-31 00:00:00+00:00,1.1960760354995728,1.243373990058899,1.1357170343399048,1.1940679550170898,27708442
2024-06-01 00:00:00+00:00,1.193693995475769,1.3245999813079834,1.157251000404358,1.1708509922027588,25533434
2024-06-02 00:00:00+00:00,1.170498013496399,1.1887249946594238,1.0281260013580322,1.080826997756958,16450209
2024-06-03 00:00:00+00:00,1.0808449983596802,1.150989055633545,1.0225499868392944,1.1247550249099731,20719914
2024-06-04 00:00:00+00:00,1.123918056488037,1.1290340423583984,1.0336979627609253,1.0610510110855103,12312615
2024-06-05 00:00:00+00:00,1.0608069896697998,2.048743963241577,1.051252007484436,1.717039942741394,162379122
2024-06-06 00:00:00+00:00,1.7170389890670776,1.983104944229126,1.565397024154663,1.7465929985046387,106821651
2024-06-07 00:00:00+00:00,1.7481460571289062,1.970744013786316,1.293357014656067,1.4513380527496338,78581004
2024-06-08 00:00:00+00:00,1.4492030143737793,1.4763259887695312,1.298190951347351,1.4248969554901123,32567524
2024-06-09 00:00:00+00:00,1.4227659702301025,1.4888349771499634,1.321516990661621,1.3609009981155396,33297099
2024-06-10 00:00:00+00:00,1.3620140552520752,1.672510027885437,1.2981189489364624,1.3658089637756348,63339719
2024-06-11 00:00:00+00:00,1.368533968925476,1.4618929624557495,1.2878079414367676,1.3419129848480225,39223663
2024-06-12 00:00:00+00:00,1.3420259952545166,1.4020960330963135,1.2259279489517212,1.3005260229110718,28678525
2024-06-13 00:00:00+00:00,1.3005419969558716,1.3790539503097534,1.2479029893875122,1.3273390531539917,23432363
2024-06-14 00:00:00+00:00,1.327294945716858,1.482005000114441,1.2920629978179932,1.330744981765747,36896415
2024-06-15 00:00:00+00:00,1.3299579620361328,1.422685980796814,1.3044630289077759,1.4073469638824463,20758377
2024-06-16 00:00:00+00:00,1.4071099758148193,1.5381419658660889,1.3698270320892334,1.4823700189590454,24316067
2024-06-17 00:00:00+00:00,1.4816230535507202,1.5402840375900269,1.3380659818649292,1.3795469999313354,22950902
2024-06-18 00:00:00+00:00,1.379621982574463,1.3906960487365723,1.0396989583969116,1.0727219581604004,26792943
2024-06-19 00:00:00+00:00,1.0719109773635864,1.1439859867095947,1.0479600429534912,1.0729219913482666,13802511
2024-06-20 00:00:00+00:00,1.0729219913482666,1.1110169887542725,0.9762870073318481,1.0108580589294434,14433593
2024-06-21 00:00:00+00:00,1.0107239484786987,1.0571260452270508,0.9801149964332581,1.0060839653015137,8840267
2024-06-22 00:00:00+00:00,1.0058159828186035,1.2174639701843262,0.9795060157775879,1.053346037864685,16321654
2024-06-23 00:00:00+00:00,1.052536964416504,1.0653220415115356,0.9988390207290649,1.0039769411087036,9748564
2024-06-24 00:00:00+00:00,1.00409996509552,1.0250270366668701,0.870622992515564,0.921908974647522,13690896
2024-06-25 00:00:00+00:00,0.9213280081748962,1.1084660291671753,0.8966400027275085,0.9912880063056946,24643847
2024-06-26 00:00:00+00:00,0.9897900223731995,0.9897900223731995,0.8967949748039246,0.9041579961776733,12020765
2024-06-27 00:00:00+00:00,0.9037410020828247,0.9576280117034912,0.8962090015411377,0.9426320195198059,10592880
2024-06-28 00:00:00+00:00,0.9429100155830383,0.9807829856872559,0.9222559928894043,0.9298369884490967,12456366
2024-06-29 00:00:00+00:00,0.928928017616272,0.9827060103416443,0.9073820114135742,0.9327920079231262,6864562
2024-06-30 00:00:00+00:00,0.933230996131897,0.9792979955673218,0.9116590023040771,0.9682689905166626,6948843
2024-07-01 00:00:00+00:00,0.9680770039558411,1.0590180158615112,0.9159690141677856,0.9180570244789124,14583357
2024-07-02 00:00:00+00:00,0.9179670214653015,0.9312160015106201,0.8823649883270264,0.9026780128479004,15248395
2024-07-03 00:00:00+00:00,0.9026809930801392,0.916155993938446,0.7905129790306091,0.7927029728889465,21260495
2024-07-04 00:00:00+00:00,0.7902169823646545,0.7984960079193115,0.5216420292854309,0.522750973701477,23251763
2024-07-05 00:00:00+00:00,0.5225579738616943,0.5256959795951843,0.44125398993492126,0.45161399245262146,19104491
2024-07-06 00:00:00+00:00,0.4516189992427826,0.5235430002212524,0.43338701128959656,0.4539009928703308,12838991
2024-07-07 00:00:00+00:00,0.4539079964160919,0.45606398582458496,0.3934449851512909,0.39642098546028137,8928956
2024-07-08 00:00:00+00:00,0.39649900794029236,0.6565880179405212,0.3691839873790741,0.4812439978122711,37221680
2024-07-09 00:00:00+00:00,0.4811379909515381,0.4960860013961792,0.4442700147628784,0.45728200674057007,11603153
2024-07-10 00:00:00+00:00,0.45675399899482727,0.621300995349884,0.45524099469184875,0.5797770023345947,29247030
2024-07-11 00:00:00+00:00,0.5797939896583557,0.6395530104637146,0.5379809737205505,0.581089973449707,17768618
2024-07-12 00:00:00+00:00,0.5823190212249756,0.6268100142478943,0.56666499376297,0.5937510132789612,16967407
2024-07-13 00:00:00+00:00,0.5935440063476562,0.6043360233306885,0.5376790165901184,0.5652390122413635,12521759
2024-07-14 00:00:00+00:00,0.5652589797973633,0.5700240135192871,0.517632007598877,0.5332319736480713,10364796
2024-07-15 00:00:00+00:00,0.5338550209999084,0.5643939971923828,0.5022119879722595,0.5596420168876648,24571554
2024-07-16 00:00:00+00:00,0.5591989755630493,0.5606629848480225,0.4990060031414032,0.5234429836273193,8588522
2024-07-17 00:00:00+00:00,0.5237360000610352,0.5512589812278748,0.31970998644828796,0.36197999119758606,20432689
2024-07-18 00:00:00+00:00,0.36285701394081116,0.3706910014152527,0.27396899461746216,0.28112301230430603,6891931
2024-07-19 00:00:00+00:00,0.2786020040512085,0.2873319983482361,0.23698100447654724,0.2710460126399994,6130876
2024-07-20 00:00:00+00:00,0.27053600549697876,0.3670780062675476,0.2699730098247528,0.3420409858226776,11800735
2024-07-21 00:00:00+00:00,0.34260401129722595,0.3578760027885437,0.28326600790023804,0.3203819990158081,7510400
2024-07-22 00:00:00+00:00,0.3209429979324341,0.32318899035453796,0.27768900990486145,0.281607985496521,14753577
2024-07-23 00:00:00+00:00,0.2816230058670044,0.2939940094947815,0.2712259888648987,0.27660098671913147,1428830
2024-07-24 00:00:00+00:00,0.2767849862575531,0.28461700677871704,0.2452169954776764,0.2486259937286377,1486962
2024-07-25 00:00:00+00:00,0.24862900376319885,0.26453399658203125,0.242234006524086,0.2523350119590759,1421176
2024-07-26 00:00:00+00:00,0.25243398547172546,0.25648799538612366,0.2431589961051941,0.24637599289417267,1137025
2024-07-27 00:00:00+00:00,0.24652500450611115,0.2470560073852539,0.2210170030593872,0.2276030033826828,1262416
2024-07-28 00:00:00+00:00,0.2276809960603714,0.2375909984111786,0.21446700394153595,0.2234330028295517,1189059
2024-07-29 00:00:00+00:00,0.2234330028295517,0.24810899794101715,0.22254499793052673,0.23257799446582794,1672536
2024-07-30 00:00:00+00:00,0.23257799446582794,0.23677900433540344,0.21976499259471893,0.22475799918174744,1243985
2024-07-31 00:00:00+00:00,0.22443699836730957,0.22443699836730957,0.20096300542354584,0.2029229998588562,1139112
2024-08-01 00:00:00+00:00,0.2029229998588562,0.2079630047082901,0.17103800177574158,0.18804800510406494,1613643
2024-08-02 00:00:00+00:00,0.18804599344730377,0.27543801069259644,0.18736200034618378,0.21972300112247467,4074719
2024-08-03 00:00:00+00:00,0.21995800733566284,0.2490299940109253,0.20293599367141724,0.21468399465084076,3588380
2024-08-04 00:00:00+00:00,0.21430200338363647,0.21900300681591034,0.1767510026693344,0.19281700253486633,1822670
2024-08-05 00:00:00+00:00,0.19281700253486633,0.19281700253486633,0.15218600630760193,0.17149899899959564,2151222
2024-08-06 00:00:00+00:00,0.17169199883937836,0.21098800003528595,0.17133300006389618,0.19442200660705566,1677338
2024-08-07 00:00:00+00:00,0.19454899430274963,0.19742600619792938,0.17596900463104248,0.18045300245285034,1311127
2024-08-08 00:00:00+00:00,0.18034599721431732,0.20035900175571442,0.179067000746727,0.19879400730133057,958767
2024-08-09 00:00:00+00:00,0.1987130045890808,0.21660900115966797,0.18854500353336334,0.1978749930858612,1137728
2024-08-10 00:00:00+00:00,0.1978760063648224,0.20132699608802795,0.18949900567531586,0.1968960016965866,1008962
2024-08-11 00:00:00+00:00,0.1968960016965866,0.21194800734519958,0.18271200358867645,0.18277500569820404,1057902
2024-08-12 00:00:00+00:00,0.18277500569820404,0.1992350071668625,0.18183700740337372,0.19208300113677979,1306516
2024-08-13 00:00:00+00:00,0.1930360049009323,0.20198599994182587,0.18783700466156006,0.19070099294185638,1121090
2024-08-14 00:00:00+00:00,0.1908009946346283,0.1961829960346222,0.1891299933195114,0.19097299873828888,1058459
2024-08-15 00:00:00+00:00,0.19097299873828888,0.193681001663208,0.17586499452590942,0.18230700492858887,975834
2024-08-16 00:00:00+00:00,0.18231099843978882,0.18343700468540192,0.16632500290870667,0.1704930067062378,941138
2024-08-17 00:00:00+00:00,0.1704930067062378,0.18244099617004395,0.1688690036535263,0.17782999575138092,889554
2024-08-18 00:00:00+00:00,0.17782700061798096,0.18223300576210022,0.16805200278759003,0.18049199879169464,942742
2024-08-19 00:00:00+00:00,0.18049100041389465,0.1806199997663498,0.15108999609947205,0.16484099626541138,1099310
2024-08-20 00:00:00+00:00,0.16484099626541138,0.1740490049123764,0.16475899517536163,0.16714100539684296,905956
2024-08-21 00:00:00+00:00,0.16714300215244293,0.16973499953746796,0.16399799287319183,0.16949400305747986,865351
2024-08-22 00:00:00+00:00,0.16953599452972412,0.173226997256279,0.16675999760627747,0.16888800263404846,868906
2024-08-23 00:00:00+00:00,0.16888800263404846,0.17772400379180908,0.16823400557041168,0.17586299777030945,919449
2024-08-24 00:00:00+00:00,0.17586299777030945,0.1832219958305359,0.17280100286006927,0.17596499621868134,956555
2024-08-25 00:00:00+00:00,0.17596499621868134,0.1791359931230545,0.16952399909496307,0.17093099653720856,861802
2024-08-26 00:00:00+00:00,0.17093099653720856,0.171082004904747,0.15505599975585938,0.15668900310993195,912822
2024-08-27 00:00:00+00:00,0.15669600665569305,0.16290999948978424,0.15227900445461273,0.15293200314044952,857637
2024-08-28 00:00:00+00:00,0.1529330015182495,0.15839000046253204,0.1503629982471466,0.15577000379562378,820744
2024-08-29 00:00:00+00:00,0.15578100085258484,0.1607239991426468,0.15430399775505066,0.1564210057258606,836806
2024-08-30 00:00:00+00:00,0.1564210057258606,0.15713900327682495,0.1506589949131012,0.15427400171756744,769391
2024-08-31 00:00:00+00:00,0.15427400171756744,0.1542769968509674,0.13863100111484528,0.13863100111484528,824358
2024-09-01 00:00:00+00:00,0.13863199949264526,0.15438799560070038,0.13794800639152527,0.14336399734020233,858442
2024-09-02 00:00:00+00:00,0.14337599277496338,0.15211400389671326,0.14105799794197083,0.14823399484157562,818252
2024-09-03 00:00:00+00:00,0.14823299646377563,0.14966000616550446,0.14161500334739685,0.1420540064573288,829523
2024-09-04 00:00:00+00:00,0.14204099774360657,0.15500099956989288,0.12837299704551697,0.14820000529289246,1051237
2024-09-05 00:00:00+00:00,0.14820200204849243,0.14823399484157562,0.13725699484348297,0.13729900121688843,779675
2024-09-06 00:00:00+00:00,0.13729800283908844,0.14327099919319153,0.13668300211429596,0.14052799344062805,764228
2024-09-07 00:00:00+00:00,0.14052799344062805,0.14116400480270386,0.13662900030612946,0.1382959932088852,770424
2024-09-08 00:00:00+00:00,0.1382959932088852,0.1397860050201416,0.13550500571727753,0.13905200362205505,789033
2024-09-09 00:00:00+00:00,0.13905200362205505,0.1433189958333969,0.13690200448036194,0.14233200252056122,778890
2024-09-10 00:00:00+00:00,0.14233200252056122,0.14245599508285522,0.1230819970369339,0.126568004488945,1004466
2024-09-11 00:00:00+00:00,0.126568004488945,0.15085400640964508,0.12610499560832977,0.1439869999885559,954932
2024-09-12 00:00:00+00:00,0.14400799572467804,0.14587600529193878,0.12784899771213531,0.13426700234413147,943055
2024-09-13 00:00:00+00:00,0.13426700234413147,0.13870400190353394,0.12954699993133545,0.13503900170326233,865226
2024-09-14 00:00:00+00:00,0.13503900170326233,0.13575699925422668,0.12925200164318085,0.12969200313091278,786002
2024-09-15 00:00:00+00:00,0.12969200313091278,0.13312199711799622,0.1285720020532608,0.1289380043745041,744966
2024-09-16 00:00:00+00:00,0.1289380043745041,0.12896600365638733,0.12182100117206573,0.12186600267887115,802235
2024-09-17 00:00:00+00:00,0.12195099890232086,0.1276569962501526,0.12164799869060516,0.12498699873685837,803787
2024-09-18 00:00:00+00:00,0.12498699873685837,0.13705700635910034,0.12336000055074692,0.12745000422000885,1058549
2024-09-19 00:00:00+00:00,0.12773500382900238,0.13872699439525604,0.1277340054512024,0.13504299521446228,887722
2024-09-20 00:00:00+00:00,0.13504299521446228,0.2504970133304596,0.13229799270629883,0.20504699647426605,2706374
2024-09-21 00:00:00+00:00,0.20494599640369415,0.3029769957065582,0.19558799266815186,0.2509259879589081,7362748
2024-09-22 00:00:00+00:00,0.2515229880809784,0.40006300806999207,0.2515139877796173,0.35846900939941406,14329179
2024-09-23 00:00:00+00:00,0.35846900939941406,0.6865940093994141,0.35220998525619507,0.5654379725456238,25808689
2024-09-24 00:00:00+00:00,0.564624011516571,0.644756019115448,0.4003260135650635,0.4529150128364563,16235652
2024-09-25 00:00:00+00:00,0.45166099071502686,0.45304301381111145,0.2912909984588623,0.320701003074646,10764744
2024-09-26 00:00:00+00:00,0.32142600417137146,0.4573209881782532,0.28804001212120056,0.41732001304626465,8886982
2024-09-27 00:00:00+00:00,0.4172559976577759,0.45737001299858093,0.3472279906272888,0.3816399872303009,3890662
2024-09-28 00:00:00+00:00,0.3816399872303009,0.39915600419044495,0.3532310128211975,0.3561849892139435,1507220
2024-09-29 00:00:00+00:00,0.35673001408576965,0.378383994102478,0.30738601088523865,0.34175199270248413,2018939
2024-09-30 00:00:00+00:00,0.34175100922584534,0.34583601355552673,0.3094100058078766,0.310589998960495,1397949
2024-10-01 00:00:00+00:00,0.310589998960495,0.3412890136241913,0.28001201152801514,0.28009000420570374,1585214
2024-10-02 00:00:00+00:00,0.2801710069179535,0.2950499951839447,0.2590180039405823,0.2614719867706299,1283874
2024-10-03 00:00:00+00:00,0.2614719867706299,0.2764340043067932,0.23357699811458588,0.2689560055732727,995668
2024-10-04 00:00:00+00:00,0.2689560055732727,0.38271600008010864,0.25696301460266113,0.33512601256370544,2344885
2024-10-05 00:00:00+00:00,0.33512601256370544,0.37327200174331665,0.2988489866256714,0.3185519874095917,1524465
2024-10-06 00:00:00+00:00,0.31855401396751404,0.34231600165367126,0.30671900510787964,0.32067498564720154,1280809
2024-10-07 00:00:00+00:00,0.32040101289749146,0.34287598729133606,0.3174610137939453,0.31834301352500916,1170280
2024-10-08 00:00:00+00:00,0.31834301352500916,0.32066500186920166,0.2956790030002594,0.29747501015663147,1267211
2024-10-09 00:00:00+00:00,0.29747501015663147,0.30543699860572815,0.2788960039615631,0.28413599729537964,1176696
2024-10-10 00:00:00+00:00,0.2841309905052185,0.33416199684143066,0.28269800543785095,0.3020839989185333,1773949
2024-10-11 00:00:00+00:00,0.3020850121974945,0.3151110112667084,0.299234002828598,0.30877798795700073,1139502
2024-10-12 00:00:00+00:00,0.30877798795700073,0.32383298873901367,0.3054119944572449,0.3086619973182678,1151762
2024-10-13 00:00:00+00:00,0.308663010597229,0.31657400727272034,0.29909101128578186,0.3099929988384247,1138946
2024-10-14 00:00:00+00:00,0.3099929988384247,0.3369449973106384,0.30550798773765564,0.3147889971733093,1404003
2024-10-15 00:00:00+00:00,0.3147889971733093,0.31659701466560364,0.2926830053329468,0.29524698853492737,1204620
2024-10-16 00:00:00+00:00,0.29524698853492737,0.30205100774765015,0.289995014667511,0.302047997713089,1038811
2024-10-17 00:00:00+00:00,0.3022080063819885,0.30490800738334656,0.28265300393104553,0.28578200936317444,1020383
2024-10-18 00:00:00+00:00,0.28578200936317444,0.3023650050163269,0.28578099608421326,0.2916550040245056,1286058
2024-10-19 00:00:00+00:00,0.2916550040245056,0.29646798968315125,0.28384700417518616,0.2859950065612793,942074
2024-10-20 00:00:00+00:00,0.2859950065612793,0.28975099325180054,0.27411800622940063,0.27620500326156616,1040262
2024-10-21 00:00:00+00:00,0.27620500326156616,0.28414401412010193,0.26829200983047485,0.26980099081993103,1019905
2024-10-22 00:00:00+00:00,0.26980099081993103,0.27069398760795593,0.2516370117664337,0.25651100277900696,997580
2024-10-23 00:00:00+00:00,0.25651100277900696,0.2915840148925781,0.2519190013408661,0.2640570104122162,1209818
2024-10-24 00:00:00+00:00,0.2621839940547943,0.2658790051937103,0.2571429908275604,0.2622010111808777,978222
2024-10-25 00:00:00+00:00,0.2622010111808777,0.2639159858226776,0.24058400094509125,0.24108999967575073,1015652
2024-10-26 00:00:00+00:00,0.24108999967575073,0.26311999559402466,0.236954003572464,0.2498610019683838,1007520
2024-10-27 00:00:00+00:00,0.24978500604629517,0.25717800855636597,0.24080200493335724,0.24412600696086884,982575
2024-10-28 00:00:00+00:00,0.24412600696086884,0.25537198781967163,0.23925800621509552,0.24131999909877777,977688
2024-10-29 00:00:00+00:00,0.24131999909877777,0.2880139946937561,0.23993000388145447,0.254831999540329,1296339
2024-10-30 00:00:00+00:00,0.254831999540329,0.2610830068588257,0.24821899831295013,0.24865999817848206,968208
2024-10-31 00:00:00+00:00,0.24865999817848206,0.2517090141773224,0.23961099982261658,0.24482600390911102,945962
2024-11-01 00:00:00+00:00,0.24482600390911102,0.24838200211524963,0.22723500430583954,0.23215599358081818,964071
2024-11-02 00:00:00+00:00,0.23215599358081818,0.2388720065355301,0.231331005692482,0.23492400348186493,938700
2024-11-03 00:00:00+00:00,0.23492300510406494,0.23529300093650818,0.2032639980316162,0.20899899303913116,1066783
2024-11-04 00:00:00+00:00,0.20899899303913116,0.2263229936361313,0.20799200236797333,0.2162580043077469,942165
2024-11-05 00:00:00+00:00,0.2162580043077469,0.2263839989900589,0.21059200167655945,0.21521100401878357,966727
2024-11-06 00:00:00+00:00,0.21521100401878357,0.24467700719833374,0.20587100088596344,0.2254990041255951,1277771
2024-11-07 00:00:00+00:00,0.2254990041255951,0.2387869954109192,0.22428500652313232,0.23079800605773926,1086940
2024-11-08 00:00:00+00:00,0.23079800605773926,0.2441670000553131,0.22152699530124664,0.22655199468135834,1127195
2024-11-09 00:00:00+00:00,0.22655199468135834,0.27431899309158325,0.221001997590065,0.23365099728107452,1396433
2024-11-10 00:00:00+00:00,0.2338860034942627,0.28862500190734863,0.23181399703025818,0.2634049952030182,1646578
2024-11-11 00:00:00+00:00,0.2638370096683502,0.27739599347114563,0.244036003947258,0.25227299332618713,1381075
2024-11-12 00:00:00+00:00,0.2522670030593872,0.2736690044403076,0.2423730045557022,0.24904100596904755,1522442
2024-11-13 00:00:00+00:00,0.24904100596904755,0.25492000579833984,0.23095299303531647,0.2351360023021698,1357691
2024-11-14 00:00:00+00:00,0.2351350039243698,0.25436899065971375,0.23113000392913818,0.24404099583625793,1316886
2024-11-15 00:00:00+00:00,0.2440679967403412,0.2479259967803955,0.22808699309825897,0.2371470034122467,1306548
2024-11-16 00:00:00+00:00,0.23640599846839905,0.25393998622894287,0.2341269999742508,0.24252000451087952,1463058
2024-11-17 00:00:00+00:00,0.24243199825286865,0.26517000794410706,0.2423969954252243,0.24767300486564636,1401314
2024-11-18 00:00:00+00:00,0.24767300486564636,0.2501470148563385,0.24116399884223938,0.24695800244808197,1215555
2024-11-19 00:00:00+00:00,0.24695700407028198,0.24817700684070587,0.23987799882888794,0.24178099632263184,1125281
2024-11-20 00:00:00+00:00,0.24177800118923187,0.24281199276447296,0.2307170033454895,0.2371470034122467,1220872
2024-11-21 00:00:00+00:00,0.23714600503444672,0.23923100531101227,0.22527700662612915,0.2343900054693222,1250554
2024-11-22 00:00:00+00:00,0.2343900054693222,0.23535799980163574,0.22164799273014069,0.22411300241947174,1187346
2024-11-23 00:00:00+00:00,0.22411300241947174,0.24959799647331238,0.2228669971227646,0.24906599521636963,1244949
2024-11-24 00:00:00+00:00,0.2490919977426529,0.2548370063304901,0.23363900184631348,0.23869700729846954,1219205
2024-11-25 00:00:00+00:00,0.23869900405406952,0.2437870055437088,0.22801600396633148,0.2281769961118698,1192047
2024-11-26 00:00:00+00:00,0.22815699875354767,0.23813199996948242,0.2278050035238266,0.23375500738620758,1266303
2024-11-27 00:00:00+00:00,0.23375500738620758,0.27375999093055725,0.23174799978733063,0.25326400995254517,2002933
2024-11-28 00:00:00+00:00,0.25326400995254517,0.2588939964771271,0.2316650003194809,0.23800300061702728,1363400
2024-11-29 00:00:00+00:00,0.23800300061702728,0.24290500581264496,0.2325959950685501,0.23843300342559814,1251767
2024-11-30 00:00:00+00:00,0.2383749932050705,0.2423740029335022,0.23499399423599243,0.24114100635051727,1182611
2024-12-01 00:00:00+00:00,0.24114100635051727,0.26045098900794983,0.23642100393772125,0.24726399779319763,1441791
2024-12-02 00:00:00+00:00,0.24726399779319763,0.24872300028800964,0.22867800295352936,0.23997099697589874,1353705
2024-12-03 00:00:00+00:00,0.23997099697589874,0.3099310100078583,0.23908500373363495,0.2679849863052368,3017547
2024-12-04 00:00:00+00:00,0.2682949900627136,0.2780210077762604,0.2510870099067688,0.2612830102443695,2016270
2024-12-05 00:00:00+00:00,0.2612839937210083,0.2769570052623749,0.25420600175857544,0.26305699348449707,1637835
2024-12-06 00:00:00+00:00,0.26750800013542175,0.273734986782074,0.25270500779151917,0.26878899335861206,1434566
2024-12-07 00:00:00+00:00,0.2688249945640564,0.2694610059261322,0.26115500926971436,0.2648870050907135,1280868
2024-12-08 00:00:00+00:00,0.26418599486351013,0.26597100496292114,0.25794801115989685,0.2622300088405609,1218490
2024-12-09 00:00:00+00:00,0.2622300088405609,0.30756500363349915,0.2338400036096573,0.2521809935569763,2893503
2024-12-10 00:00:00+00:00,0.25157999992370605,0.2686989903450012,0.23909799754619598,0.24871499836444855,2508837
2024-12-11 00:00:00+00:00,0.24871499836444855,0.26030001044273376,0.23865799605846405,0.25013500452041626,1498176
2024-12-12 00:00:00+00:00,0.25013500452041626,0.2579750120639801,0.2461089938879013,0.24931900203227997,1259201
2024-12-13 00:00:00+00:00,0.249332994222641,0.2525849938392639,0.24253800511360168,0.2440820038318634,1021853
2024-12-14 00:00:00+00:00,0.2440820038318634,0.25230100750923157,0.24185800552368164,0.243367001414299,999612
2024-12-15 00:00:00+00:00,0.243367001414299,0.2500320076942444,0.2367659956216812,0.24893899261951447,995491
2024-12-16 00:00:00+00:00,0.24893899261951447,0.2505500018596649,0.23472699522972107,0.24231399595737457,978388
2024-12-17 00:00:00+00:00,0.2423119992017746,0.2463649958372116,0.23654800653457642,0.23761700093746185,998905
2024-12-18 00:00:00+00:00,0.23761199414730072,0.24462999403476715,0.22094200551509857,0.22169600427150726,973501
2024-12-19 00:00:00+00:00,0.22169600427150726,0.2262060046195984,0.1926420032978058,0.1988459974527359,1021766
2024-12-20 00:00:00+00:00,0.1988449990749359,0.20989300310611725,0.1636189967393875,0.19699400663375854,1120465
2024-12-21 00:00:00+00:00,0.19699400663375854,0.2090429961681366,0.18303899466991425,0.18495899438858032,934402
2024-12-22 00:00:00+00:00,0.18495899438858032,0.19540199637413025,0.1831749975681305,0.1905989944934845,807174
2024-12-23 00:00:00+00:00,0.1905989944934845,0.20649799704551697,0.1879030019044876,0.19755299389362335,1119385
2024-12-24 00:00:00+00:00,0.19755299389362335,0.20785799622535706,0.19251100718975067,0.1998780071735382,1167076
2024-12-25 00:00:00+00:00,0.1998790055513382,0.20806099474430084,0.19632799923419952,0.20006999373435974,1203829
2024-12-26 00:00:00+00:00,0.20006999373435974,0.22057600319385529,0.1959020048379898,0.21051500737667084,1777399
2024-12-27 00:00:00+00:00,0.21051399409770966,0.21737100183963776,0.19332900643348694,0.1995449960231781,1346704
2024-12-28 00:00:00+00:00,0.19954900443553925,0.20148199796676636,0.18850000202655792,0.19111399352550507,1152604
2024-12-29 00:00:00+00:00,0.19109800457954407,0.2074670046567917,0.1892170011997223,0.1920270025730133,1339222
2024-12-30 00:00:00+00:00,0.1920270025730133,0.20117099583148956,0.18890400230884552,0.19498099386692047,1268832
2024-12-31 00:00:00+00:00,0.19498099386692047,0.19622300565242767,0.18971000611782074,0.19169500470161438,1030172
2025-01-01 00:00:00+00:00,0.19169700145721436,0.19878600537776947,0.1896120011806488,0.1972469985485077,974203
2025-01-02 00:00:00+00:00,0.1972460001707077,0.2011989951133728,0.18796899914741516,0.18938800692558289,1134981
2025-01-03 00:00:00+00:00,0.18939000368118286,0.19535499811172485,0.1849689930677414,0.19069799780845642,1092929
2025-01-04 00:00:00+00:00,0.19069799780845642,0.19626300036907196,0.18537400662899017,0.18808799982070923,1300228
2025-01-05 00:00:00+00:00,0.18808799982070923,0.18868699669837952,0.1849139928817749,0.18701399862766266,1073205
2025-01-06 00:00:00+00:00,0.18701399862766266,0.19261899590492249,0.18558700382709503,0.19002099335193634,1270104
2025-01-07 00:00:00+00:00,0.19158600270748138,0.19419699907302856,0.175928995013237,0.1801310032606125,1190687
2025-01-08 00:00:00+00:00,0.1801310032606125,0.18389800190925598,0.16418099403381348,0.16896499693393707,950127
2025-01-09 00:00:00+00:00,0.16896499693393707,0.17093999683856964,0.16120000183582306,0.16560900211334229,877656
2025-01-10 00:00:00+00:00,0.16560900211334229,0.17766499519348145,0.16543899476528168,0.17345300316810608,827741
2025-01-11 00:00:00+00:00,0.1734360009431839,0.17474600672721863,0.1707489937543869,0.1727599948644638,818462
2025-01-12 00:00:00+00:00,0.1727599948644638,0.17290900647640228,0.16612300276756287,0.1686599999666214,849202
2025-01-13 00:00:00+00:00,0.1686609983444214,0.17068499326705933,0.15362900495529175,0.16202199459075928,891507
2025-01-14 00:00:00+00:00,0.16202199459075928,0.17134900391101837,0.161871999502182,0.16605600714683533,751890
2025-01-15 00:00:00+00:00,0.16605700552463531,0.17378999292850494,0.1617940068244934,0.16839900612831116,762390
2025-01-16 00:00:00+00:00,0.16840100288391113,0.17556600272655487,0.16283400356769562,0.17298099398612976,898959
2025-01-17 00:00:00+00:00,0.17298099398612976,0.17563499510288239,0.17019900679588318,0.17479699850082397,877379
2025-01-18 00:00:00+00:00,0.17479699850082397,0.1751209944486618,0.1581210047006607,0.15877600014209747,824643
2025-01-19 00:00:00+00:00,0.15877600014209747,0.1647530049085617,0.1410910040140152,0.14281700551509857,1094074
2025-01-20 00:00:00+00:00,0.14280100166797638,0.15031999349594116,0.13728900253772736,0.14140599966049194,878497
2025-01-21 00:00:00+00:00,0.14140500128269196,0.1488170027732849,0.13983400166034698,0.14124800264835358,801920
2025-01-22 00:00:00+00:00,0.14124800264835358,0.14670200645923615,0.14100199937820435,0.14425000548362732,764434
2025-01-23 00:00:00+00:00,0.14424900710582733,0.14437100291252136,0.13692599534988403,0.1392049938440323,783873
2025-01-24 00:00:00+00:00,0.1392049938440323,0.15738700330257416,0.13731500506401062,0.15043100714683533,836836
2025-01-25 00:00:00+00:00,0.15043100714683533,0.23450200259685516,0.14987899363040924,0.20388300716876984,4148642
2025-01-26 00:00:00+00:00,0.2038930058479309,0.20581099390983582,0.16128100454807281,0.16198000311851501,1880090
2025-01-27 00:00:00+00:00,0.16197699308395386,0.16357199847698212,0.1435849964618683,0.15887899696826935,1193113
2025-01-28 00:00:00+00:00,0.15887899696826935,0.1619970053434372,0.15157100558280945,0.15397299826145172,865693
2025-01-29 00:00:00+00:00,0.15397299826145172,0.1565299928188324,0.14426100254058838,0.14859099686145782,901991
2025-01-30 00:00:00+00:00,0.14859400689601898,0.15681900084018707,0.1485919952392578,0.1497340053319931,874909
2025-01-31 00:00:00+00:00,0.14973999559879303,0.15232999622821808,0.14489300549030304,0.147023007273674,926973
2025-02-01 00:00:00+00:00,0.14701999723911285,0.1478630006313324,0.14014999568462372,0.14093700051307678,851340
2025-02-02 00:00:00+00:00,0.14093700051307678,0.19307899475097656,0.1368270069360733,0.1429630070924759,2212450
2025-02-03 00:00:00+00:00,0.14297400414943695,0.1701200008392334,0.12184099853038788,0.15551799535751343,1707484
2025-02-04 00:00:00+00:00,0.15551799535751343,0.17971999943256378,0.15094000101089478,0.1572050005197525,1270593
2025-02-05 00:00:00+00:00,0.1572050005197525,0.16257800161838531,0.15162700414657593,0.15618400275707245,876121
2025-02-06 00:00:00+00:00,0.15618400275707245,0.1591240018606186,0.1468610018491745,0.14892800152301788,839156
2025-02-07 00:00:00+00:00,0.14892800152301788,0.15568700432777405,0.14518600702285767,0.14600400626659393,817299
2025-02-08 00:00:00+00:00,0.14600400626659393,0.1517300009727478,0.14389100670814514,0.14664800465106964,803719
2025-02-09 00:00:00+00:00,0.14664800465106964,0.15109199285507202,0.13690200448036194,0.1426199972629547,814762
2025-02-10 00:00:00+00:00,0.1426209956407547,0.15703000128269196,0.13991999626159668,0.15432700514793396,893612
2025-02-11 00:00:00+00:00,0.15432700514793396,0.15624700486660004,0.14493699371814728,0.14504499733448029,808499
2025-02-12 00:00:00+00:00,0.14504499733448029,0.14815600216388702,0.1404860019683838,0.1463180035352707,836504
2025-02-13 00:00:00+00:00,0.1463180035352707,0.14737999439239502,0.14040400087833405,0.14320500195026398,797012
2025-02-14 00:00:00+00:00,0.14320500195026398,0.1471640020608902,0.14099200069904327,0.14208200573921204,882171
2025-02-15 00:00:00+00:00,0.14208699762821198,0.14450399577617645,0.139614999294281,0.1420149952173233,826818
2025-02-16 00:00:00+00:00,0.1420149952173233,0.14311300218105316,0.1316870003938675,0.13459299504756927,873714
2025-02-17 00:00:00+00:00,0.13458900153636932,0.1349560022354126,0.12507100403308868,0.1282539963722229,883981
2025-02-18 00:00:00+00:00,0.1282539963722229,0.1282549947500229,0.12332800030708313,0.12720799446105957,831339
2025-02-19 00:00:00+00:00,0.12721699476242065,0.12740099430084229,0.1226319968700409,0.12509199976921082,809807
2025-02-20 00:00:00+00:00,0.12509000301361084,0.12877699732780457,0.12383300065994263,0.12597200274467468,812548
2025-02-21 00:00:00+00:00,0.12597200274467468,0.12794999778270721,0.12097200006246567,0.12167800217866898,848282
2025-02-22 00:00:00+00:00,0.12167999893426895,0.1311749964952469,0.11990199983119965,0.12598800659179688,817785
2025-02-23 00:00:00+00:00,0.12598800659179688,0.12691499292850494,0.1176690012216568,0.12233500182628632,827971
2025-02-24 00:00:00+00:00,0.12233500182628632,0.1230970025062561,0.11104100197553635,0.11259400099515915,825775
2025-02-25 00:00:00+00:00,0.11259300261735916,0.11576300114393234,0.10077500343322754,0.10753899812698364,891012
2025-02-26 00:00:00+00:00,0.10753899812698364,0.10974299907684326,0.10098499804735184,0.10466200113296509,797659
2025-02-27 00:00:00+00:00,0.10466200113296509,0.11523299664258957,0.10198400169610977,0.1104310005903244,804950
2025-02-28 00:00:00+00:00,0.1104310005903244,0.12114199995994568,0.1015079990029335,0.11819300055503845,866339
2025-03-01 00:00:00+00:00,0.11819300055503845,0.11851900070905685,0.11000599712133408,0.11128900200128555,803577
2025-03-02 00:00:00+00:00,0.11128900200128555,0.12002699822187424,0.10992199927568436,0.12000399827957153,773097
2025-03-03 00:00:00+00:00,0.12000399827957153,0.12000499665737152,0.10597199946641922,0.1063229963183403,821540
2025-03-04 00:00:00+00:00,0.1063229963183403,0.10967600345611572,0.1019349992275238,0.1088239997625351,820060
2025-03-05 00:00:00+00:00,0.1088239997625351,0.11563500016927719,0.10621599853038788,0.11486600339412689,817210
2025-03-06 00:00:00+00:00,0.11486600339412689,0.11562000215053558,0.10651300102472305,0.10902900248765945,811236
2025-03-07 00:00:00+00:00,0.10902799665927887,0.11142200231552124,0.10440800338983536,0.1059110015630722,801228
2025-03-08 00:00:00+00:00,0.10591199994087219,0.10908299684524536,0.10383900254964828,0.10556100308895111,730167
2025-03-09 00:00:00+00:00,0.10556100308895111,0.10774199664592743,0.09907600283622742,0.09915100038051605,675850
2025-03-10 00:00:00+00:00,0.09915100038051605,0.10724999755620956,0.08790700137615204,0.09186899662017822,823714
2025-03-11 00:00:00+00:00,0.0918710008263588,0.09887400269508362,0.08884800225496292,0.09625600278377533,776138
2025-03-12 00:00:00+00:00,0.09625600278377533,0.10079299658536911,0.09456200152635574,0.09771999716758728,745967
2025-03-13 00:00:00+00:00,0.09771999716758728,0.09909199923276901,0.09457100182771683,0.09598200023174286,765387
2025-03-14 00:00:00+00:00,0.09598200023174286,0.10719899833202362,0.09567400068044662,0.10407199710607529,767630
2025-03-15 00:00:00+00:00,0.1040709987282753,0.10564099997282028,0.09842000156641006,0.10120300203561783,755894
2025-03-16 00:00:00+00:00,0.10120300203561783,0.10878799855709076,0.09872899949550629,0.0987749993801117,755423
2025-03-17 00:00:00+00:00,0.0987749993801117,0.10667499899864197,0.09829399734735489,0.10377500206232071,743855
2025-03-18 00:00:00+00:00,0.10376500338315964,0.10608900338411331,0.09647200256586075,0.09809599816799164,748206
2025-03-19 00:00:00+00:00,0.09809599816799164,0.10286100208759308,0.09779799729585648,0.09961900115013123,740198
2025-03-20 00:00:00+00:00,0.09961900115013123,0.13743199408054352,0.09915699809789658,0.1351190060377121,1035059
2025-03-21 00:00:00+00:00,0.1346839964389801,0.14212599396705627,0.11202999949455261,0.11687999963760376,1124694
2025-03-22 00:00:00+00:00,0.11687999963760376,0.11901400238275528,0.11230800300836563,0.11400700360536575,820199
2025-03-23 00:00:00+00:00,0.11400400102138519,0.11751800030469894,0.10507799685001373,0.1127140000462532,762695
2025-03-24 00:00:00+00:00,0.11271499842405319,0.11477500200271606,0.10517799854278564,0.1088780015707016,924347
2025-03-25 00:00:00+00:00,0.1088780015707016,0.1132970005273819,0.09798099845647812,0.10168299823999405,896246
2025-03-26 00:00:00+00:00,0.10168199986219406,0.103131003677845,0.09903500229120255,0.10057900100946426,814723
2025-03-27 00:00:00+00:00,0.10057900100946426,0.10444500297307968,0.09918999671936035,0.10024099797010422,871651
2025-03-28 00:00:00+00:00,0.10024099797010422,0.10107699781656265,0.08859200030565262,0.09053699672222137,874015
2025-03-29 00:00:00+00:00,0.09053699672222137,0.09284500032663345,0.09008699655532837,0.09149199724197388,843093
2025-03-30 00:00:00+00:00,0.09149300307035446,0.09256699681282043,0.08896800130605698,0.0925619974732399,821152
2025-03-31 00:00:00+00:00,0.0925619974732399,0.09281100332736969,0.08859799802303314,0.08987800031900406,797560
2025-04-01 00:00:00+00:00,0.0898749977350235,0.09165500104427338,0.08807100355625153,0.08970499783754349,807608
2025-04-02 00:00:00+00:00,0.08970800042152405,0.08970800042152405,0.08502700179815292,0.08703000098466873,831253
2025-04-03 00:00:00+00:00,0.08703300356864929,0.08859899640083313,0.0697610005736351,0.07423300296068192,848853
2025-04-04 00:00:00+00:00,0.07423300296068192,0.09490600228309631,0.0735199972987175,0.0901850014925003,910001
2025-04-05 00:00:00+00:00,0.0901850014925003,0.0901850014925003,0.0764710009098053,0.0772479996085167,847806
2025-04-06 00:00:00+00:00,0.0772470012307167,0.0826909989118576,0.0714000016450882,0.07231099903583527,808433
2025-04-07 00:00:00+00:00,0.07231099903583527,0.07617200165987015,0.06762699782848358,0.07467100024223328,806052
2025-04-08 00:00:00+00:00,0.07467000186443329,0.07536099851131439,0.06721500307321548,0.06790900230407715,777387
2025-04-09 00:00:00+00:00,0.06790900230407715,0.0778530016541481,0.06780999898910522,0.07587800174951553,811992
2025-04-10 00:00:00+00:00,0.07587800174951553,0.07661499828100204,0.06439600139856339,0.06839100271463394,793948
2025-04-11 00:00:00+00:00,0.06839100271463394,0.0781949982047081,0.06818900257349014,0.0754069983959198,769878
2025-04-12 00:00:00+00:00,0.0754069983959198,0.07859800010919571,0.0718030035495758,0.07513999938964844,782531
2025-04-13 00:00:00+00:00,0.07513999938964844,0.07806500047445297,0.06954800337553024,0.0713609978556633,762003
2025-04-14 00:00:00+00:00,0.0713609978556633,0.0733880028128624,0.06906300038099289,0.07042200118303299,754630
2025-04-15 00:00:00+00:00,0.07042200118303299,0.07418599724769592,0.06932300329208374,0.07091999799013138,749628
2025-04-16 00:00:00+00:00,0.07091999799013138,0.07228100299835205,0.06693100184202194,0.06720100343227386,822970
2025-04-17 00:00:00+00:00,0.06719899922609329,0.08370400220155716,0.0669730007648468,0.07696700096130371,867345
2025-04-18 00:00:00+00:00,0.0769679993391037,0.07701800018548965,0.07053700089454651,0.07192400097846985,824096
2025-04-19 00:00:00+00:00,0.07192400097846985,0.07286299765110016,0.07128799706697464,0.07176200300455093,798986
2025-04-20 00:00:00+00:00,0.07174400240182877,0.0772629976272583,0.07079300284385681,0.07309599965810776,848662
2025-04-21 00:00:00+00:00,0.07309599965810776,0.07716400176286697,0.07304999977350235,0.07520800083875656,805524
2025-04-22 00:00:00+00:00,0.07520700246095657,0.08136399835348129,0.07472199946641922,0.07710299640893936,844195
2025-04-23 00:00:00+00:00,0.07710299640893936,0.08950000256299973,0.07680600136518478,0.08092699944972992,851959
2025-04-24 00:00:00+00:00,0.08092699944972992,0.08117599785327911,0.07610099762678146,0.0779229998588562,772501
2025-04-25 00:00:00+00:00,0.0779229998588562,0.08357899636030197,0.07739900052547455,0.08132199943065643,792804
2025-04-26 00:00:00+00:00,0.081325002014637,0.0850600004196167,0.07922200113534927,0.08458700031042099,775924
2025-04-27 00:00:00+00:00,0.084586001932621,0.08699999749660492,0.08061899989843369,0.08529999852180481,719288
2025-04-28 00:00:00+00:00,0.0853009968996048,0.12094300240278244,0.08432699739933014,0.106175996363163,1122752
2025-04-29 00:00:00+00:00,0.106175996363163,0.17817500233650208,0.10504300147294998,0.12591199576854706,1796164
2025-04-30 00:00:00+00:00,0.12591199576854706,0.13386300206184387,0.10848899930715561,0.10870499908924103,950520
2025-05-01 00:00:00+00:00,0.10870499908924103,0.11621999740600586,0.10637599974870682,0.1069440022110939,719790
2025-05-02 00:00:00+00:00,0.10694900155067444,0.10779999941587448,0.1002660021185875,0.10401800274848938,684914
2025-05-03 00:00:00+00:00,0.10401800274848938,0.10401800274848938,0.09265200048685074,0.09329000115394592,632830
2025-05-04 00:00:00+00:00,0.09328799694776535,0.09917499870061874,0.08674000203609467,0.09908899664878845,657457
2025-05-05 00:00:00+00:00,0.09908899664878845,0.14136600494384766,0.09760700166225433,0.1043820008635521,1078890
2025-05-06 00:00:00+00:00,0.1043820008635521,0.10926800221204758,0.09606999903917313,0.09723600000143051,737150
2025-05-07 00:00:00+00:00,0.09723600000143051,0.10222899913787842,0.09423799812793732,0.09674599766731262,626698
2025-05-08 00:00:00+00:00,0.09674499928951263,0.12145999819040298,0.09465699642896652,0.10260000079870224,725814
2025-05-09 00:00:00+00:00,0.10259900242090225,0.10702800005674362,0.10156700015068054,0.1052360013127327,652306
2025-05-10 00:00:00+00:00,0.1052360013127327,0.11502400040626526,0.10282299667596817,0.107464998960495,645772
2025-05-11 00:00:00+00:00,0.10746599733829498,0.1143139973282814,0.10575799643993378,0.10956600308418274,620506
2025-05-12 00:00:00+00:00,0.10956600308418274,0.12163899838924408,0.10853199660778046,0.11377900093793869,657084
2025-05-13 00:00:00+00:00,0.11377900093793869,0.1202239990234375,0.10796699672937393,0.11791899800300598,633855
2025-05-14 00:00:00+00:00,0.11791899800300598,0.11815900355577469,0.10446000099182129,0.10771899670362473,622785
2025-05-15 00:00:00+00:00,0.10771899670362473,0.11358900368213654,0.1008559986948967,0.10659900307655334,593153
2025-05-16 00:00:00+00:00,0.10660000145435333,0.1076430007815361,0.10106100142002106,0.10339699685573578,572057
2025-05-17 00:00:00+00:00,0.1034339964389801,0.10354799777269363,0.0938740000128746,0.09793400019407272,581053
2025-05-18 00:00:00+00:00,0.09793400019407272,0.1051430031657219,0.09642799943685532,0.10241799801588058,599084
2025-05-19 00:00:00+00:00,0.10241799801588058,0.10303399711847305,0.09552399814128876,0.10049200057983398,589212
2025-05-20 00:00:00+00:00,0.10049200057983398,0.10462599992752075,0.09822999686002731,0.10182899981737137,574041
2025-05-21 00:00:00+00:00,0.10182899981737137,0.10432499647140503,0.10058200359344482,0.10425599664449692,574792
2025-05-22 00:00:00+00:00,0.1042570024728775,0.1105239987373352,0.10304100066423416,0.10910499840974808,579551
2025-05-23 00:00:00+00:00,0.10910499840974808,0.11031199991703033,0.1016089990735054,0.10232599824666977,641342
2025-05-24 00:00:00+00:00,0.10232599824666977,0.10518500208854675,0.10064999759197235,0.10290700197219849,650403
2025-05-25 00:00:00+00:00,0.10290700197219849,0.10534100234508514,0.100723996758461,0.10193800181150436,660372
2025-05-26 00:00:00+00:00,0.10193800181150436,0.10502199828624725,0.10189200192689896,0.10279399901628494,644949
2025-05-27 00:00:00+00:00,0.10279399901628494,0.10319700092077255,0.09963300079107285,0.10232999920845032,669367
2025-05-28 00:00:00+00:00,0.10231299698352814,0.10270699858665466,0.09907600283622742,0.10148800164461136,689806
2025-05-29 00:00:00+00:00,0.10142199695110321,0.10240200161933899,0.09844499826431274,0.0986040011048317,633563
2025-05-30 00:00:00+00:00,0.0986040011048317,0.0992560014128685,0.09264899790287018,0.09321200102567673,612937
2025-05-31 00:00:00+00:00,0.09321200102567673,0.09389500319957733,0.08703300356864929,0.09019599854946136,652457
2025-06-01 00:00:00+00:00,0.09019599854946136,0.09278299659490585,0.08818399906158447,0.08849000185728073,734891
2025-06-02 00:00:00+00:00,0.08848900347948074,0.09032399952411652,0.0847110003232956,0.08866400271654129,725661
2025-06-03 00:00:00+00:00,0.08866599947214127,0.09394799917936325,0.08710800111293793,0.09058699756860733,697363
2025-06-04 00:00:00+00:00,0.09058699756860733,0.09200700372457504,0.08718699961900711,0.08908899873495102,632844
2025-06-05 00:00:00+00:00,0.08908899873495102,0.0906360000371933,0.08808699995279312,0.08891600370407104,619099
2025-06-06 00:00:00+00:00,0.08891600370407104,0.09449300169944763,0.08865000307559967,0.0914900004863739,641001
2025-06-07 00:00:00+00:00,0.0914900004863739,0.09449499845504761,0.09012600034475327,0.09091799706220627,604585
2025-06-08 00:00:00+00:00,0.09091600030660629,0.09100600332021713,0.08737099915742874,0.08803299814462662,613664
2025-06-09 00:00:00+00:00,0.08801600337028503,0.08966200053691864,0.08693200349807739,0.08842000365257263,605915
2025-06-10 00:00:00+00:00,0.08844199776649475,0.09489800035953522,0.08786900341510773,0.09185899794101715,714656
2025-06-11 00:00:00+00:00,0.09185899794101715,0.09292399883270264,0.09008599817752838,0.0902630016207695,685554
2025-06-12 00:00:00+00:00,0.0902630016207695,0.09099999815225601,0.08588799834251404,0.08717799931764603,690658
2025-06-13 00:00:00+00:00,0.08718100190162659,0.08718500286340714,0.07966099679470062,0.08263599872589111,777670
2025-06-14 00:00:00+00:00,0.08263599872589111,0.08710599690675735,0.0820470005273819,0.0855650007724762,673487
2025-06-15 00:00:00+00:00,0.0855650007724762,0.0874050036072731,0.08324500173330307,0.08705200254917145,618202
2025-06-16 00:00:00+00:00,0.08705200254917145,0.08709199726581573,0.08196800202131271,0.08293599635362625,725578
2025-06-17 00:00:00+00:00,0.08291299641132355,0.08415199816226959,0.07956700026988983,0.08096600323915482,619131
2025-06-18 00:00:00+00:00,0.08096600323915482,0.08184800297021866,0.07556600123643875,0.07769999653100967,638045
2025-06-19 00:00:00+00:00,0.07769999653100967,0.07875099778175354,0.07691799849271774,0.07789400219917297,605014
2025-06-20 00:00:00+00:00,0.07792100310325623,0.07797600328922272,0.07568500190973282,0.07614699751138687,636917
2025-06-21 00:00:00+00:00,0.07614900171756744,0.07781600207090378,0.07259000092744827,0.07259300351142883,623025
2025-06-22 00:00:00+00:00,0.07259300351142883,0.07279299944639206,0.0667790025472641,0.06742800027132034,619532
2025-06-23 00:00:00+00:00,0.06742800027132034,0.0765329971909523,0.06738699972629547,0.07558000087738037,713834
2025-06-24 00:00:00+00:00,0.07558000087738037,0.09896200150251389,0.07479400187730789,0.0957769975066185,703031
2025-06-25 00:00:00+00:00,0.0957769975066185,0.11016900092363358,0.07984700053930283,0.08206599950790405,834779
2025-06-26 00:00:00+00:00,0.08206599950790405,0.08863800019025803,0.07846099883317947,0.08059799671173096,632444
2025-06-27 00:00:00+00:00,0.08059699833393097,0.08076599985361099,0.07643300294876099,0.07953400164842606,604287
2025-06-28 00:00:00+00:00,0.07953400164842606,0.08021199703216553,0.07750800251960754,0.0798569992184639,596585
2025-06-29 00:00:00+00:00,0.0798569992184639,0.0816430002450943,0.07780200242996216,0.08087799698114395,612135
2025-06-30 00:00:00+00:00,0.08087799698114395,0.08356700092554092,0.0772320032119751,0.07866799831390381,632648
2025-07-01 00:00:00+00:00,0.07866799831390381,0.08007899671792984,0.07597299665212631,0.07647400349378586,608349
2025-07-02 00:00:00+00:00,0.07647500187158585,0.08889199793338776,0.0754999965429306,0.08262600004673004,660317
2025-07-03 00:00:00+00:00,0.08262600004673004,0.08352900296449661,0.07820700109004974,0.082676000893116,619262
2025-07-04 00:00:00+00:00,0.08274000138044357,0.08276300132274628,0.07662899792194366,0.07877899706363678,616223
2025-07-05 00:00:00+00:00,0.07877899706363678,0.07907900214195251,0.07690100371837616,0.07738099992275238,601177
2025-07-06 00:00:00+00:00,0.07738099992275238,0.07902699708938599,0.07222100347280502,0.0734729990363121,645479
2025-07-07 00:00:00+00:00,0.07346999645233154,0.08133900165557861,0.07060600072145462,0.07569000124931335,648171
2025-07-08 00:00:00+00:00,0.07569000124931335,0.07840099930763245,0.07502800226211548,0.0780550017952919,611287
2025-07-09 00:00:00+00:00,0.0780550017952919,0.08003400266170502,0.07605499774217606,0.08003000169992447,612136
2025-07-10 00:00:00+00:00,0.08002900332212448,0.08494000136852264,0.07407700270414352,0.08400200307369232,701526
2025-07-11 00:00:00+00:00,0.08400200307369232,0.08730199933052063,0.08357799798250198,0.0843219980597496,704279
2025-07-12 00:00:00+00:00,0.0843219980597496,0.08604700118303299,0.08031799644231796,0.08144299685955048,733119
2025-07-13 00:00:00+00:00,0.08144299685955048,0.08451099693775177,0.08077199757099152,0.0812230035662651,768474
2025-07-14 00:00:00+00:00,0.0812230035662651,0.08630800247192383,0.08045800030231476,0.08192899823188782,784127
2025-07-15 00:00:00+00:00,0.08192899823188782,0.08291500061750412,0.07938499748706818,0.0824270024895668,780452
2025-07-16 00:00:00+00:00,0.0824270024895668,0.08733399957418442,0.08142200112342834,0.08615399897098541,795147
2025-07-17 00:00:00+00:00,0.0861549973487854,0.08735000342130661,0.08319900184869766,0.0851920023560524,752012
2025-07-18 00:00:00+00:00,0.08518999814987183,0.08818399906158447,0.08417800068855286,0.08664999902248383,770609
2025-07-19 00:00:00+00:00,0.08664999902248383,0.10300099849700928,0.0851060003042221,0.09804800152778625,907800
2025-07-20 00:00:00+00:00,0.09804800152778625,0.09812100231647491,0.09021899849176407,0.09253200143575668,840807
2025-07-21 00:00:00+00:00,0.09253600239753723,0.09278599917888641,0.08921899646520615,0.08963499963283539,802017
2025-07-22 00:00:00+00:00,0.08963499963283539,0.09222900122404099,0.08303199708461761,0.0866369977593422,777059
2025-07-23 00:00:00+00:00,0.0866369977593422,0.0883760005235672,0.08228400349617004,0.08381900191307068,539070
2025-07-24 00:00:00+00:00,0.08381900191307068,0.08476699888706207,0.07855799794197083,0.08253899961709976,515756
2025-07-25 00:00:00+00:00,0.08253800123929977,0.08413799852132797,0.07842700183391571,0.08074799925088882,677376
2025-07-26 00:00:00+00:00,0.08074799925088882,0.08808200061321259,0.08016099780797958,0.08347500115633011,682584
2025-07-27 00:00:00+00:00,0.08347500115633011,0.08431199938058853,0.08105500042438507,0.0820309966802597,607568
2025-07-28 00:00:00+00:00,0.0820309966802597,0.08661500364542007,0.08041399717330933,0.08054099977016449,665457
2025-07-29 00:00:00+00:00,0.08054199814796448,0.08378499746322632,0.07861000299453735,0.08029299974441528,316717
2025-07-30 00:00:00+00:00,0.08029299974441528,0.0819540023803711,0.07808200269937515,0.0791890025138855,400617
2025-07-31 00:00:00+00:00,0.0791890025138855,0.08104900270700455,0.07605399936437607,0.07662499696016312,375765
2025-08-01 00:00:00+00:00,0.07662499696016312,0.07665800303220749,0.07334300130605698,0.0735820010304451,280720
2025-08-02 00:00:00+00:00,0.0735820010304451,0.07506699860095978,0.07268799841403961,0.07421000301837921,244032
2025-08-03 00:00:00+00:00,0.07421000301837921,0.07550200074911118,0.07256399840116501,0.07547900080680847,273451
2025-08-04 00:00:00+00:00,0.07547900080680847,0.07850400358438492,0.07501000165939331,0.07649999856948853,253504
2025-08-05 00:00:00+00:00,0.07649900019168854,0.0777060016989708,0.07510299980640411,0.07769300043582916,248972
2025-08-06 00:00:00+00:00,0.07769300043582916,0.07878600060939789,0.0745759978890419,0.07788799703121185,285000
2025-08-07 00:00:00+00:00,0.07789099961519241,0.08238200098276138,0.07544899731874466,0.07954700291156769,263069
2025-08-08 00:00:00+00:00,0.07954800128936768,0.08069200068712234,0.07667600363492966,0.07888799905776978,235240
2025-08-09 00:00:00+00:00,0.07888899743556976,0.07971599698066711,0.07711400091648102,0.07815899699926376,239987
2025-08-10 00:00:00+00:00,0.07815899699926376,0.08085799962282181,0.0768980011343956,0.07744500041007996,243817
2025-08-11 00:00:00+00:00,0.07744500041007996,0.07990899682044983,0.07733000069856644,0.07861600071191788,229773
2025-08-12 00:00:00+00:00,0.07860200107097626,0.08153700083494186,0.07859999686479568,0.07982099801301956,241418
2025-08-13 00:00:00+00:00,0.07982099801301956,0.08252699673175812,0.07873900234699249,0.07982899993658066,255082
2025-08-14 00:00:00+00:00,0.07982899993658066,0.0817210003733635,0.07661200314760208,0.0773250013589859,236786
2025-08-15 00:00:00+00:00,0.07734300196170807,0.07960700243711472,0.07518699765205383,0.07587999850511551,221089
2025-08-16 00:00:00+00:00,0.07587999850511551,0.07857099920511246,0.0756940022110939,0.07653500139713287,228845
2025-08-17 00:00:00+00:00,0.07653500139713287,0.08281499892473221,0.07583700120449066,0.07666900008916855,250690
2025-08-18 00:00:00+00:00,0.07666700333356857,0.07930800318717957,0.07412199676036835,0.0771000012755394,235526
2025-08-19 00:00:00+00:00,0.0771000012755394,0.07817000150680542,0.07352200150489807,0.07397899776697159,236145
2025-08-20 00:00:00+00:00,0.07397899776697159,0.07622300088405609,0.07358799874782562,0.07518099993467331,241321
2025-08-21 00:00:00+00:00,0.07518099993467331,0.0771770030260086,0.07250499725341797,0.07253699749708176,245596
2025-08-22 00:00:00+00:00,0.07253699749708176,0.0778769999742508,0.07221200317144394,0.07770399749279022,247127
2025-08-23 00:00:00+00:00,0.07770299911499023,0.07818999886512756,0.07354400306940079,0.07589899748563766,238148
2025-08-24 00:00:00+00:00,0.07589899748563766,0.07604499906301498,0.07375600188970566,0.07482100278139114,237797
2025-08-25 00:00:00+00:00,0.07481899857521057,0.07486700266599655,0.07054000347852707,0.07054699957370758,239536
2025-08-26 00:00:00+00:00,0.07054699957370758,0.0735969990491867,0.07048500329256058,0.07269900292158127,233636
2025-08-27 00:00:00+00:00,0.07269900292158127,0.07489799708127975,0.07047700136899948,0.07127600163221359,226744
2025-08-28 00:00:00+00:00,0.07127600163221359,0.0759200006723404,0.07064799964427948,0.0723000019788742,230829
2025-08-29 00:00:00+00:00,0.0723000019788742,0.07421000301837921,0.07053100317716599,0.07142800092697144,234393
2025-08-30 00:00:00+00:00,0.07142800092697144,0.0728050023317337,0.07081300020217896,0.07222600281238556,215972
2025-08-31 00:00:00+00:00,0.07222600281238556,0.07393699884414673,0.06959699839353561,0.07083199918270111,203417
2025-09-01 00:00:00+00:00,0.07083199918270111,0.07127299904823303,0.06504599750041962,0.06540100276470184,227106
2025-09-02 00:00:00+00:00,0.06540100276470184,0.07041099667549133,0.06436999887228012,0.06854700297117233,254133
2025-09-03 00:00:00+00:00,0.06854899972677231,0.06866399943828583,0.06577300280332565,0.0663990005850792,236901
2025-09-04 00:00:00+00:00,0.0663990005850792,0.06827200204133987,0.06594900041818619,0.06649299710988998,215814
2025-09-05 00:00:00+00:00,0.06649299710988998,0.06863100081682205,0.06537599861621857,0.06678500026464462,242193
2025-09-06 00:00:00+00:00,0.06678300350904465,0.06734299659729004,0.06501799821853638,0.06569000333547592,227758
2025-09-07 00:00:00+00:00,0.06568799912929535,0.0688289999961853,0.06568499654531479,0.06830599904060364,231588
2025-09-08 00:00:00+00:00,0.06830400228500366,0.06975899636745453,0.06694599986076355,0.06827700138092041,230567
2025-09-09 00:00:00+00:00,0.06827700138092041,0.07178500294685364,0.06763900071382523,0.07010699808597565,227731
2025-09-10 00:00:00+00:00,0.07010799646377563,0.07219099998474121,0.06517799943685532,0.06576099991798401,246575
2025-09-11 00:00:00+00:00,0.0657539963722229,0.07811799645423889,0.06553100049495697,0.07502000033855438,334272
2025-09-12 00:00:00+00:00,0.07502000033855438,0.0764010027050972,0.07173699885606766,0.0723629966378212,243917
2025-09-13 00:00:00+00:00,0.07237900048494339,0.0759200006723404,0.07134199887514114,0.07313299924135208,249115
2025-09-14 00:00:00+00:00,0.07313299924135208,0.07517699897289276,0.07122799754142761,0.07355699688196182,238993
2025-09-15 00:00:00+00:00,0.07355699688196182,0.07356999814510345,0.0692019984126091,0.07017000019550323,234926
2025-09-16 00:00:00+00:00,0.07017000019550323,0.0707319974899292,0.06899599730968475,0.07016299664974213,232960
2025-09-17 00:00:00+00:00,0.07016299664974213,0.07085300236940384,0.06908900290727615,0.07001399993896484,236460
2025-09-18 00:00:00+00:00,0.07001399993896484,0.07355300337076187,0.06991499662399292,0.07097899913787842,241602
2025-09-19 00:00:00+00:00,0.07097899913787842,0.0727199986577034,0.07037600129842758,0.07047999650239944,241868
2025-09-20 00:00:00+00:00,0.07047999650239944,0.07121100276708603,0.0688449963927269,0.06906399875879288,241432
2025-09-21 00:00:00+00:00,0.06906100362539291,0.06921499967575073,0.06750699877738953,0.06756599992513657,234539
2025-09-22 00:00:00+00:00,0.06756500154733658,0.06757800281047821,0.06476099789142609,0.06586100161075592,236513
2025-09-23 00:00:00+00:00,0.06586100161075592,0.06721500307321548,0.06387300044298172,0.06720399856567383,237563
2025-09-24 00:00:00+00:00,0.0672060027718544,0.07032199949026108,0.06448999792337418,0.06746499985456467,238219
2025-09-25 00:00:00+00:00,0.06746499985456467,0.0675320029258728,0.057944998145103455,0.05833100154995918,266564
2025-09-26 00:00:00+00:00,0.05833100154995918,0.061427000910043716,0.05817199870944023,0.06032799929380417,237287
2025-09-27 00:00:00+00:00,0.06035200133919716,0.06063000112771988,0.058657001703977585,0.05876599997282028,228449
2025-09-28 00:00:00+00:00,0.05876599997282028,0.06099800020456314,0.05849599838256836,0.060805000364780426,251862
2025-09-29 00:00:00+00:00,0.060805000364780426,0.06315100193023682,0.059863001108169556,0.06026099994778633,230289
2025-09-30 00:00:00+00:00,0.06026099994778633,0.061234001070261,0.05839899927377701,0.06001700088381767,242577
2025-10-01 00:00:00+00:00,0.06001700088381767,0.06311599910259247,0.05892600119113922,0.06099899858236313,237809
2025-10-02 00:00:00+00:00,0.06099899858236313,0.06447599828243256,0.05908200144767761,0.06105300039052963,231730
2025-10-03 00:00:00+00:00,0.06105300039052963,0.062052998691797256,0.05989399924874306,0.061312999576330185,225027
2025-10-04 00:00:00+00:00,0.061312999576330185,0.06157800182700157,0.059080999344587326,0.060433998703956604,235474
2025-10-05 00:00:00+00:00,0.060433998703956604,0.06291600316762924,0.0584929995238781,0.05952399969100952,229320
2025-10-06 00:00:00+00:00,0.05952399969100952,0.060809001326560974,0.05694499984383583,0.05923499912023544,246365
2025-10-07 00:00:00+00:00,0.05923499912023544,0.059537000954151154,0.055769000202417374,0.05638200044631958,228050
2025-10-08 00:00:00+00:00,0.05638200044631958,0.05660400167107582,0.05488099902868271,0.05551299825310707,228831
2025-10-09 00:00:00+00:00,0.05551299825310707,0.05599899962544441,0.05485599860548973,0.05541599914431572,223166
2025-10-10 00:00:00+00:00,0.05541599914431572,0.059661999344825745,0.03952699899673462,0.04146600142121315,235503
2025-10-11 00:00:00+00:00,0.04146600142121315,0.05834700167179108,0.04088800027966499,0.042392998933792114,236126
2025-10-12 00:00:00+00:00,0.0423940010368824,0.048069000244140625,0.042337000370025635,0.0480320006608963,233582
2025-10-13 00:00:00+00:00,0.0480320006608963,0.0480629988014698,0.043738000094890594,0.04605000093579292,229905
2025-10-14 00:00:00+00:00,0.04605000093579292,0.05070199817419052,0.041579000651836395,0.04458700120449066,244772
2025-10-15 00:00:00+00:00,0.04458700120449066,0.0793439969420433,0.04458700120449066,0.06960800290107727,556362
2025-10-16 00:00:00+00:00,0.06960800290107727,0.07101699709892273,0.04827199876308441,0.050579000264406204,300338
2025-10-17 00:00:00+00:00,0.050579000264406204,0.05222700163722038,0.04430700093507767,0.044860001653432846,239225
2025-10-18 00:00:00+00:00,0.044860001653432846,0.04931800067424774,0.044346000999212265,0.04618699848651886,216829
2025-10-19 00:00:00+00:00,0.04618699848651886,0.04704499989748001,0.043209999799728394,0.044596001505851746,215110
2025-10-20 00:00:00+00:00,0.044603001326322556,0.046890001744031906,0.043191999197006226,0.043313998728990555,217247
2025-10-21 00:00:00+00:00,0.043313998728990555,0.043744999915361404,0.03719300031661987,0.03953700140118599,228420
2025-10-22 00:00:00+00:00,0.03953700140118599,0.04181100055575371,0.039023999124765396,0.03955899924039841,217907
2025-10-23 00:00:00+00:00,0.03955899924039841,0.040727000683546066,0.03927300125360489,0.04030599817633629,205711
2025-10-24 00:00:00+00:00,0.04030599817633629,0.04104100167751312,0.039292000234127045,0.03929299861192703,210822
2025-10-25 00:00:00+00:00,0.03929299861192703,0.04096300154924393,0.03825800120830536,0.040598999708890915,204811
2025-10-26 00:00:00+00:00,0.040598999708890915,0.04247500002384186,0.03921300172805786,0.04192199930548668,221393
2025-10-27 00:00:00+00:00,0.04192199930548668,0.04195500165224075,0.039138998836278915,0.040022000670433044,208519
2025-10-28 00:00:00+00:00,0.040022000670433044,0.041517000645399094,0.037167999893426895,0.039393000304698944,238030
2025-10-29 00:00:00+00:00,0.039393000304698944,0.042139001190662384,0.03864600136876106,0.03988900035619736,235889
2025-10-30 00:00:00+00:00,0.03988900035619736,0.04262100160121918,0.03705799952149391,0.03910699859261513,228919
2025-10-31 00:00:00+00:00,0.03910699859261513,0.04014600068330765,0.03737400099635124,0.038982000201940536,214068
2025-11-01 00:00:00+00:00,0.038982000201940536,0.04089900106191635,0.03731299936771393,0.038068998605012894,214036
2025-11-02 00:00:00+00:00,0.038068998605012894,0.04157499969005585,0.038040000945329666,0.03959700092673302,218497
2025-11-03 00:00:00+00:00,0.03959700092673302,0.040001001209020615,0.03495199978351593,0.0367170013487339,215248
2025-11-04 00:00:00+00:00,0.0367170013487339,0.037425000220537186,0.03309300169348717,0.03381799906492233,213021
2025-11-05 00:00:00+00:00,0.03381799906492233,0.03837500140070915,0.033681001514196396,0.03615500032901764,210612
2025-11-06 00:00:00+00:00,0.03615500032901764,0.03615599870681763,0.03398900106549263,0.034860000014305115,208889
2025-11-07 00:00:00+00:00,0.034860000014305115,0.03693699836730957,0.03311000019311905,0.03623899817466736,214555
2025-11-08 00:00:00+00:00,0.03623899817466736,0.03852799907326698,0.03328099846839905,0.03412000089883804,215631
2025-11-09 00:00:00+00:00,0.03412000089883804,0.03927300125360489,0.03357499837875366,0.03608899936079979,218738
2025-11-10 00:00:00+00:00,0.03608899936079979,0.038307998329401016,0.033674001693725586,0.03639199957251549,226386
2025-11-11 00:00:00+00:00,0.03639199957251549,0.038005001842975616,0.03473399952054024,0.0352570004761219,225920
2025-11-12 00:00:00+00:00,0.0352570004761219,0.03590000048279762,0.03424699977040291,0.03429200127720833,224311
2025-11-13 00:00:00+00:00,0.03429200127720833,0.03687899932265282,0.0334010012447834,0.033709000796079636,228514
2025-11-14 00:00:00+00:00,0.033709000796079636,0.033973000943660736,0.030951999127864838,0.03305299952626228,221106
2025-11-15 00:00:00+00:00,0.03305400162935257,0.03493500128388405,0.032690998166799545,0.03397899866104126,227122
2025-11-16 00:00:00+00:00,0.03396499902009964,0.03450600057840347,0.03220000118017197,0.032777998596429825,227804
2025-11-17 00:00:00+00:00,0.03277700021862984,0.03476500138640404,0.03208500146865845,0.03214599937200546,223820
2025-11-18 00:00:00+00:00,0.03214599937200546,0.036017000675201416,0.03206999972462654,0.03311299905180931,235155
2025-11-19 00:00:00+00:00,0.033094000071287155,0.03437399864196777,0.0321820005774498,0.03232700005173683,224471
2025-11-20 00:00:00+00:00,0.03232799842953682,0.033410001546144485,0.030409999191761017,0.031103000044822693,224632
2025-11-21 00:00:00+00:00,0.031103000044822693,0.03219500184059143,0.02805900014936924,0.029174000024795532,223104
2025-11-22 00:00:00+00:00,0.029171999543905258,0.029729999601840973,0.026353999972343445,0.02759999968111515,222611
2025-11-23 00:00:00+00:00,0.02759999968111515,0.03212999925017357,0.027170000597834587,0.030412999913096428,228517
2025-11-24 00:00:00+00:00,0.030412999913096428,0.03523600101470947,0.03001900017261505,0.03169399872422218,225141
2025-11-25 00:00:00+00:00,0.03169399872422218,0.033257998526096344,0.028829000890254974,0.02930000051856041,220204
2025-11-26 00:00:00+00:00,0.029301999136805534,0.03073599934577942,0.028873000293970108,0.03034299984574318,226546
2025-11-27 00:00:00+00:00,0.03034299984574318,0.03229599818587303,0.030236000195145607,0.031153999269008636,226165
2025-11-28 00:00:00+00:00,0.031153999269008636,0.03240299969911575,0.02908400073647499,0.02908499911427498,227099
2025-11-29 00:00:00+00:00,0.02908499911427498,0.03186799958348274,0.02908499911427498,0.030824000015854836,220855
2025-11-30 00:00:00+00:00,0.030824000015854836,0.03209400177001953,0.030083000659942627,0.03140699863433838,232210
2025-12-01 00:00:00+00:00,0.03140699863433838,0.03144099935889244,0.028387999162077904,0.029544999822974205,228703
2025-12-02 00:00:00+00:00,0.029544999822974205,0.031136000528931618,0.028460999950766563,0.029270999133586884,231536
2025-12-03 00:00:00+00:00,0.029270999133586884,0.03148699924349785,0.028813999146223068,0.030726000666618347,231131
2025-12-04 00:00:00+00:00,0.030726000666618347,0.03428399935364723,0.029285000637173653,0.03000500053167343,233049
2025-12-05 00:00:00+00:00,0.03000500053167343,0.03328099846839905,0.029603999108076096,0.031070999801158905,239267
2025-12-06 00:00:00+00:00,0.031070999801158905,0.03154800087213516,0.025767000392079353,0.028074000030755997,250667
2025-12-07 00:00:00+00:00,0.02805900014936924,0.030083000659942627,0.027845999225974083,0.028224999085068703,233810
2025-12-08 00:00:00+00:00,0.028224999085068703,0.029481999576091766,0.027674000710248947,0.02874699980020523,227208
2025-12-09 00:00:00+00:00,0.02827100083231926,0.029613999649882317,0.02774300053715706,0.0290910005569458,220904
2025-12-10 00:00:00+00:00,0.0290910005569458,0.02921600081026554,0.026350000873208046,0.028416000306606293,230123
2025-12-11 00:00:00+00:00,0.028402000665664673,0.031156999990344048,0.021825000643730164,0.022369999438524246,291731
2025-12-12 00:00:00+00:00,0.022369999438524246,0.025043999776244164,0.02197900041937828,0.022799000144004822,237447
2025-12-13 00:00:00+00:00,0.022799000144004822,0.02381799928843975,0.022799000144004822,0.022967999801039696,221185
2025-12-14 00:00:00+00:00,0.022967999801039696,0.023313000798225403,0.02175300009548664,0.02202500030398369,227240
2025-12-15 00:00:00+00:00,0.02202500030398369,0.022822000086307526,0.021650999784469604,0.022399000823497772,239742
2025-12-16 00:00:00+00:00,0.022399000823497772,0.023121999576687813,0.021777000278234482,0.022261999547481537,226286
2025-12-17 00:00:00+00:00,0.022261999547481537,0.022513000294566154,0.019547000527381897,0.01978899911046028,239690
2025-12-18 00:00:00+00:00,0.01978899911046028,0.025273999199271202,0.019524000585079193,0.02027300000190735,246642
2025-12-19 00:00:00+00:00,0.02027300000190735,0.021657999604940414,0.02022399939596653,0.021567000076174736,228890
2025-12-20 00:00:00+00:00,0.021567000076174736,0.021820999681949615,0.021275000646710396,0.02166599966585636,227628
2025-12-21 00:00:00+00:00,0.021626999601721764,0.021716000512242317,0.021093999966979027,0.02144400030374527,228646
2025-12-22 00:00:00+00:00,0.02144400030374527,0.021476000547409058,0.020791999995708466,0.020826999098062515,227741
2025-12-23 00:00:00+00:00,0.020826999098062515,0.02112399972975254,0.02056100033223629,0.020906999707221985,226857
2025-12-24 00:00:00+00:00,0.020906999707221985,0.02106500044465065,0.020586999133229256,0.020773999392986298,230017
2025-12-25 00:00:00+00:00,0.020773999392986298,0.02091900072991848,0.019828999415040016,0.020444000139832497,227856
2025-12-26 00:00:00+00:00,0.020444000139832497,0.02091600000858307,0.01959500089287758,0.020721999928355217,221812
2025-12-27 00:00:00+00:00,0.020721999928355217,0.02105100080370903,0.019975999370217323,0.021031999960541725,222389
2025-12-28 00:00:00+00:00,0.021031999960541725,0.046943001449108124,0.020414000377058983,0.03999599814414978,422588
2025-12-29 00:00:00+00:00,0.03999499976634979,0.11608699709177017,0.03826500102877617,0.06998299807310104,1464501
2025-12-30 00:00:00+00:00,0.06998299807310104,0.07352700084447861,0.03181299939751625,0.032944001257419586,524662
2025-12-31 00:00:00+00:00,0.032944001257419586,0.058364998549222946,0.032280001789331436,0.04083700105547905,615007
